7.285756429872171758e+00,-7.462447196045795650e+00
-1.436386816102174446e+00,-1.050342524112478593e+01
4.974124624980080789e+00,2.139076692233098154e+00
3.125833411218419844e+00,-8.516499874719251295e+00
-3.329156704188330984e+00,4.011151278315494118e+00
-3.332865772771185675e+00,3.888065323384775507e+00
6.009720421415375213e+00,-6.937734434880359125e+00
-4.031889658894894701e+00,5.335017525719093712e+00
-2.287544384364496697e+00,3.025675833404805726e+00
-7.962982093073942558e+00,-1.954152730566560969e-01
1.000617653945309371e+01,1.204216618884167422e+00
3.653911758954350719e-02,-8.701662308378617539e+00
-3.578882624971464033e+00,6.129048569871664576e+00
5.031367211883447155e+00,-4.046509131648202029e+00
8.104036229224387711e+00,-6.824927131469296082e-01
-6.841166628789918214e+00,-7.115281209312929178e+00
1.400031874839204660e+00,-1.082370442299063562e+01
-3.100608753260027495e+00,-8.830972552130936792e-01
-7.051514357843816860e+00,-1.188940303232882023e+01
-2.776507071530230242e+00,1.454451699689731647e+01
3.627756863639636453e+00,1.200837792348981914e+01
-9.976480431224910461e+00,8.250484008395780222e+00
-7.573172931175033984e-01,-4.586164670113282327e+00
-1.230404771444209366e+01,3.306536166138847488e+00
-5.035169638462750896e+00,-3.447488546540260490e+00
9.625016600107848319e+00,-1.095587403395304138e+00
-1.279703646434546727e+01,-2.589747115985125969e+00
8.804941897034074927e+00,-6.558304499413461386e+00
2.951688796575908214e+00,2.201034575963299655e+00
-7.715886162494292044e+00,-6.837815703194051187e-01
5.808150469956909312e+00,6.045295954498103086e+00
-4.528508443594072119e+00,1.265328939830057031e+01
-2.973551314083922037e+00,-1.081606597358602073e+01
1.373744220792690740e+01,-2.412561062806076961e+00
6.374027275024419126e+00,-5.522720540682224843e+00
1.646812514570449304e+00,-2.844248533406000590e+00
7.710787427732039845e+00,-1.218778494350495137e-02
-1.435241907699412955e+00,7.414492553912349848e+00
-2.962073215380105928e+00,-1.104668418150436082e+01
1.824744299635810307e+00,2.175781835295353961e+00
-1.328189155398177235e+01,1.196768603152110755e+00
5.634410437646584668e+00,5.529217771089398603e+00
1.006858576302183650e+01,1.433521050598813851e+00
1.644618166068210430e+00,-6.743575887318003836e+00
-4.506152498934984152e+00,-6.338084572008360063e+00
1.618401937845482408e+01,1.772117384430219289e+01
7.952815097573401992e+00,8.350390804655269505e+00
-7.540232597972491568e+00,5.314210786960170685e-01
-1.168552439555446121e+01,8.828426884043024003e+00
-2.191921534214487988e+00,1.159875448704259426e+01
8.867703554023486090e-01,-4.768892327216327054e+00
1.243374243334549334e+01,1.123602540326288368e-01
-1.172540276884157784e+01,8.912671670091816267e+00
3.135936328818227092e-02,-2.834160571137032569e+00
6.048136799151618170e+00,1.387575427866659972e+01
-6.620888982648250654e+00,4.335952041224068410e+00
8.019360472959458974e+00,-5.518717081178166062e+00
-1.398922056054530405e-01,-1.508946608524284905e+01
-3.667966778942441053e+00,-8.392023352413307435e+00
-7.658880765894368281e+00,4.678139643662703406e+00
-6.215137916633625359e+00,5.224194958041637804e+00
-8.589913532244271011e+00,8.735026186004265725e+00
-1.817951965263918002e+00,-5.470482125886201530e+00
-5.925853804859001706e+00,-1.249134464536933997e+01
-9.361270488152488412e+00,-7.158250159347234742e+00
4.821505626245428111e+00,4.540940994096673400e+00
1.159678748969863094e+01,6.439880547618330731e+00
6.765375865717343729e+00,-4.369158116693878213e+00
-9.715989075216056037e+00,1.018701413058507121e+01
7.132202733948033391e+00,-3.458381168959495433e+00
-4.649907096102452009e+00,-9.983193292237700689e+00
8.215189117176061373e+00,-7.159506663823140826e+00
4.778749857828262115e+00,-6.999220667992953615e+00
1.113884284219997944e+01,8.990178800894916833e+00
5.585094933869959810e+00,1.101453239327250699e+01
1.228781383373910785e+01,-4.356260523878766833e+00
-2.164947707902676211e+00,2.879506285718449021e+00
-1.290220546540285085e+01,5.672766775922901239e+00
-1.079947895058324336e+00,-1.156366594436902062e+01
-4.278282272790689511e+00,4.237724449176032415e+00
-6.752727494866086033e+00,5.757463061171996799e+00
-3.305416878907819100e+00,3.803656989696080792e+00
-2.581223415006468791e+00,2.415620242714035637e+00
-1.105595594053291109e+01,-2.344560243787067400e+00
-5.252509718803946903e+00,-1.112730071903115014e+00
-3.071886707855858045e+00,-3.788522481641879214e+00
-5.173374105102838350e+00,3.659334302304264153e+00
-7.624065515035992613e-01,4.708214794848846196e+00
6.079954447344973367e+00,-3.688365221013415240e+00
1.239560682163643612e+01,5.494630612649139323e+00
-5.150190228676252424e+00,-1.927304698584536125e+00
3.181443898697976724e+00,1.297374238172533545e+01
-3.784498180543260482e+00,-2.172256295091949063e+00
-2.260376805608884099e-01,-9.524832555012908486e+00
9.250377356039814813e+00,1.053749999066144483e+01
1.098625558319549889e+01,-6.226191249308621778e+00
-9.127619676809278104e+00,-8.246588273202093422e-01
2.394544938163276626e+00,1.004546750964704316e+01
5.669110815314340357e+00,-1.509061956755967548e+00
1.896848179337996321e+00,-3.088719702677231282e+00
6.606323642020039522e+00,4.504578563091966359e+00
1.304681411841724703e+00,-1.085543976356478879e+01
-8.053424585916740597e+00,-4.884316838974719133e+00
-4.569654076836181744e+00,-4.583360876649492655e-01
4.408613622822601386e+00,-1.351116016309188339e+01
8.715457236391026541e+00,9.246245864156279026e+00
7.843863005160192081e+00,7.600480950287538562e+00
-7.359825867425701773e+00,3.620787287023899736e+00
-1.227737881986910473e+00,1.120846285119366570e+01
5.693853765046091198e+00,-1.227315413111149489e+01
1.847331899319268889e+00,6.859824594321449531e+00
-5.403456001163262634e+00,2.389611271637849477e+00
-9.280805646556917310e+00,-4.604455818294791669e+00
1.125421629462258899e+01,-4.132016402609329120e+00
5.118522710627801953e-01,7.275094588816019225e+00
-9.586408138267564993e+00,9.795044228918362350e+00
-1.308784645709874006e+01,-5.724089614771398216e-01
-3.413084202300610270e-01,1.141607994534459181e+01
6.293096782475227080e+00,6.992668331780139468e+00
-3.645910176499335353e+00,-4.671679654556430528e+00
1.117770670441955261e+01,-4.277152067138007219e+00
-6.893069612347964004e+00,-7.135800713026949071e-02
-8.813649800690635416e+00,-4.138050971979104098e+00
8.285893937873808568e+00,-7.185123034078081616e+00
5.021703971283239198e+00,8.668161588867251410e-01
7.389874393795265561e+00,8.337859885369693913e+00
-1.169777469325633312e+01,8.878230867681089933e+00
3.747152292761354087e+00,6.649987606357574244e+00
-5.769972073745393892e+00,1.394871090224323762e+00
-9.275339150270909272e+00,-4.517852714527774260e+00
5.925195388355333215e+00,1.106914183990580902e+01
1.184993919587602207e+01,-4.261263169458920252e+00
-2.664560551742438665e+00,4.948269512423823180e+00
-9.371189213992954237e+00,-3.861379146625274275e-03
-1.490253136800840927e+01,2.515256592804673286e+00
4.563376443205551802e-01,-8.054383532684973090e+00
-1.408947969972105341e+01,2.083085196305062947e+00
8.601574352799572498e-01,-3.897197445093294021e+00
-2.682550173570923402e+00,1.380266889955639265e+01
-1.249537795360168246e+01,-6.779301776545955782e+00
-4.428189962789404355e+00,5.959806604637147842e+00
-7.254321267739787693e+00,-9.539224554932564715e+00
9.117598695167092870e+00,-5.334231815517743946e+00
-1.242128923696141030e+01,-3.855356038655123108e+00
-5.722942185379800151e-01,1.493651177257799390e+01
4.407399654335407924e+00,7.546823938910398155e+00
-3.714412736291974326e+00,-5.910988993367389810e+00
-4.076483469633030765e+00,-1.182790538146250015e+00
-8.018115619095869562e+00,-8.491022379060757075e+00
5.896046772414225146e+00,-2.044141625730178657e-01
-1.368485083915236622e+01,2.796248985203577675e+00
5.949238500959726395e+00,-1.025580709851417194e-01
-1.064008339096228362e+01,2.390301199182711667e+00
1.293347325400510783e+01,-1.359914468888087091e+00
-2.234050582000011165e+00,1.263891404659534068e+01
-3.059046034633266853e+00,-3.835162046866508412e+00
1.690060448359483658e+00,1.771296922732502388e+00
-3.642811427338211949e+00,2.503872673471943422e+00
-1.426730150787228268e+01,2.200321245938183345e+00
5.187471606802368740e+00,9.338985214225941078e+00
3.701931864081544177e+00,5.030435985795996823e-01
3.398702277914496861e+00,-1.728565167089752552e-01
6.871788876617973330e+00,1.518576771217886812e+00
-7.700694006959629689e+00,-6.880441699178093673e-01
-4.181495413609548906e-01,1.110060932954567647e+01
-7.976160315385003585e+00,1.014502609106270192e+01
9.131894788888597958e+00,4.333518037554082269e+00
-6.035406167104119257e-01,1.490944511152442509e+01
4.529334041360781882e+00,-9.374403608465605942e+00
7.952247495171702596e+00,1.444844123496518140e+00
-5.968874549394471707e+00,7.418056219762890535e+00
-1.308844935471329052e+01,1.004426818859281534e+00
-7.733702845650978652e+00,2.540850057687969787e+00
7.094515022705191853e+00,-3.839703280503996119e+00
-5.432632494077410890e+00,-9.654229167798652256e+00
-1.273982326304260582e+01,-2.919014166018789602e+00
1.005409565702778352e+01,-9.803054681929824099e+00
-1.485598520986248117e+00,-8.926220650601569773e+00
-1.246952958788459043e+01,-5.291555489415381786e+00
-1.240612378581363728e+01,-6.302150400123983864e+00
2.957928014105152048e+00,5.499539340646308894e+00
6.891256085364889650e+00,6.193196331278584488e+00
1.026232712599477637e+01,-1.973712284385819471e+00
4.020386365659281758e+00,1.636419152305390590e+00
1.848480583262201771e+00,8.967675782350006397e-01
2.625019324493006678e+00,1.837971893011268953e+00
1.777192761483491035e+00,1.832769899864852059e+00
1.669090087925927612e+00,2.025484141710555352e+00
-1.260872121824777869e-01,1.100936549099575856e+01
3.090957521946790187e+00,2.478352758073966822e+00
-8.321381856044353098e-01,1.120896096852349011e+01
3.682933683033022820e+00,1.568378215126471131e+00
1.186597351298019465e+00,-2.555224441476691588e+00
-9.928362059492034319e+00,4.132843444294218571e+00
6.636171935956134416e-01,8.718341389805674524e+00
-3.772946339256147974e-01,-6.175165295691480427e-01
6.958428977916885749e+00,-2.632862087353149416e+00
1.780072161736709901e+00,3.483219665091064066e+00
3.866217802302501116e+00,5.262846412501656079e-01
9.675145091406628595e+00,7.957093997573728927e+00
3.409755331701747050e+00,4.768193934039002269e-01
2.050834879361047136e+00,9.649633954368800559e+00
-1.269506856243067183e+01,-6.712533571937039589e+00
-8.001700473208909870e+00,1.087839908477272743e+01
9.850702011417528103e-02,2.974747255956702863e-02
1.957016794495714196e+00,2.478536710527050602e+00
-3.575215065275086257e+00,2.502662017533797467e+00
1.142501586709240335e+01,7.293906951902681790e+00
1.528446033536058568e+00,-5.302535276458825386e+00
3.555819616622712065e+00,8.465744102303073504e+00
1.698909694088356126e+00,1.015479867715837869e+00
1.084555918294317678e+01,5.583038796958461614e-01
9.657467505971540911e-01,1.907421935398143198e+00
1.777658901360697152e+00,2.077645305731572911e+00
-2.856426710574151984e-01,1.108368309278045061e+01
1.967229739588411741e+00,1.129891075546981982e+00
2.062572868798295822e+00,-1.348481085533487667e+00
-3.529636937771353900e+00,7.230706469150687710e+00
1.778483106642276379e+00,4.015161067802526240e+00
2.546746556927963034e+00,6.396586568019433372e+00
-1.060207256263160858e+01,-8.774356472460460576e-01
-7.862512975959442763e+00,9.023066066741974867e-01
4.551876225298580714e+00,-3.003065636111470482e-01
1.143110197076780032e+01,-2.995524936803690697e+00
2.742751057415570237e+00,4.043109167155993333e+00
1.400160171550397070e+00,2.847205591074600584e+00
4.512777946658673045e+00,1.705119193062181182e+00
4.089917838088125812e+00,-1.303983989177993408e+00
3.210325186816234577e+00,-3.354912594305263784e+00
-4.671952499790463342e+00,-1.070443895434385617e-01
-4.665379970470167059e+00,-6.964944093468610209e-01
3.151511548102115423e+00,7.471742310662526920e-01
-4.117403664182284206e-01,9.298726524754682643e+00
-4.105344298583015195e-01,-5.937761133456430640e-01
-1.237598281417327328e+01,6.931227907433797242e+00
9.579963565975432971e+00,-1.034043609488728643e+00
-2.377327422311426852e-01,-1.021978538405323711e+01
1.045208484358646661e+00,8.238547165993841404e+00
6.252168286840647404e+00,-3.144262786397102882e+00
3.396955844351970288e+00,-3.379765236485942292e+00
1.313610733280844123e+01,3.482017666229928476e+00
6.140946749819910622e+00,-1.176347601575321455e+01
1.033994346941040909e+01,-9.821781358960775421e+00
2.495597922754852593e+00,-1.393548074992479435e+01
8.720799950552631241e-01,-1.072826338304054872e+01
5.625785619807484039e+00,-7.239485740470983366e+00
-4.766905252713677932e+00,7.247731113314322293e+00
-1.317616640783218829e+00,-9.950143287130618575e+00
4.935954815615602342e+00,-9.671013372559261967e+00
-1.694751994457118993e+00,5.875560401971361424e-01
-2.019281174522176592e+00,1.302471373915720321e+01
-2.034207914345502299e+00,-9.660140218412932356e+00
-7.916407261519942118e+00,2.217784660242564598e+00
-8.715668112911943766e+00,-7.943412063238418419e+00
1.204646485900983943e-01,-1.313060454729289184e+01
-2.057322687373512871e+00,2.864347356410922973e+00
-8.687145419147363157e+00,-8.016236207623377297e+00
8.033842257316038626e+00,-1.305384451915810473e+01
-6.885234488050351764e+00,-1.118911153270287784e-01
-8.865937277053623333e+00,-2.917054474355988969e+00
-1.288457423266133972e+01,-5.432833735023788080e+00
6.606893553008843512e+00,4.652538787801269393e+00
9.031596426499680641e-01,-1.488957402759635684e+01
-2.625172575219457460e+00,-1.869368535674913234e+00
-4.956387127383746205e-01,7.538707217011006101e+00
-7.977734045950098718e+00,8.736851193035496621e+00
6.314366321502080659e+00,4.770494984340501787e+00
1.102180576949344903e+01,-5.471636626383642898e+00
-1.072275787600141506e+01,-2.120210710341922766e+00
-3.267926009487128081e+00,-1.419138520197781972e+01
6.077537807117781021e+00,-9.661618464114027915e+00
1.240649050706486278e+01,-5.120610128826597496e+00
2.170677842048329698e+00,9.735959620469309073e+00
-1.237273321848033447e+01,3.307710652290833053e+00
-8.946494011917398126e+00,1.119829611118995372e+00
3.493555840495423670e+00,-6.042947506746564557e+00
4.331604402553693056e+00,7.194951193529406375e+00
-3.176816546036225208e+00,1.133373622423783722e+01
3.734614254727799398e+00,3.011611526908049452e+00
5.575458374209987689e+00,2.939916562898929886e+00
1.572386290722218360e+00,3.781645990400818835e+00
7.197854454019531056e-01,-5.854423618718840316e+00
1.514492126003188766e+01,-2.050287542320638146e+00
-4.118113803410287099e-01,1.140631154002797665e+01
7.704435398439811955e+00,5.630873746726238416e+00
7.820559269978986983e+00,-1.319643055271603238e+01
1.206023773370421459e+01,3.446145456274803731e+00
5.827381128622497464e+00,-8.176865525370034860e+00
4.886245570335288946e+00,4.370776014206759541e+00
1.462034674717164418e+00,-5.913249151822766336e+00
-5.287737587367412395e+00,-8.416329632927373794e+00
-4.467528171159970363e+00,1.321465989934946172e+01
5.074602385736354471e+00,-1.222432421460474572e+01
-4.986134252471060013e-01,1.476972571477427643e+01
-3.759685166738678141e+00,-9.560333308945912378e+00
-7.683465058317712426e+00,-9.503113559594400073e+00
-2.306519400876966497e+00,2.855144087459322133e+00
2.967997916123330082e+00,-8.572517359498364797e+00
8.240321646421463697e+00,-9.018258121125507287e+00
6.593393881033335902e+00,-6.236826024079259234e+00
-3.579656592366925238e+00,-1.013793676597322779e+01
-8.280622775460033225e+00,-9.494971577797266526e-01
-2.591671132563750479e+00,8.195951955649700693e+00
6.046769733722524798e+00,-1.187777161634927658e+01
-9.506557911065723232e+00,5.190842452293507492e+00
-4.601659874990428278e+00,-1.121729972767670525e+01
-3.833951408690052354e+00,-2.176518699081094521e+00
6.886377117572958007e+00,1.017088647129467915e+01
3.440388423570196696e+00,-6.935426904876543119e+00
1.094298494291308188e+01,5.390194603910192228e+00
1.256793827328964275e+00,-1.339727839046558167e+01
-1.682292069398679146e+00,-1.642007292281845166e+00
3.649294063348288208e+00,-1.375112379923516137e+01
1.086335304852245187e+01,-6.526781375627651371e+00
-1.495784124794626635e+00,-9.616886583274286693e+00
-4.348954055180438871e+00,6.113695233203644719e+00
-9.124180228362915202e+00,-2.282655294360296239e-01
4.645299901491602768e+00,-7.985298105512916855e+00
8.889183710004681771e+00,2.139355379349824615e-01
-7.348863319129712579e+00,7.994020009569140051e+00
-6.943330989206800696e-01,4.906262588705765815e+00
-5.253601411805885135e+00,-1.076548874621666130e+01
-8.617032019294749157e-01,1.450832968863545780e+01
6.649792298513881761e+00,1.619122764599149722e+00
1.486556919617876282e+00,-2.904457952245540042e+00
5.255186532900652630e+00,-2.433044678212471723e+00
-5.882040514848688062e+00,7.527183371229178022e+00
6.525309208663187199e+00,-5.413026159916039859e+00
-3.216519846330538446e+00,-9.838754789903221276e-01
8.951691748628585188e+00,-1.140068183776320510e+01
-8.561786532628286039e+00,1.147711058532082617e+01
7.443551586883644156e+00,-7.710129616119333562e+00
4.966991822678669344e+00,-5.436914776946982109e+00
-6.818861434457189397e+00,2.064139915161272043e+00
5.080682452333042498e+00,-8.109681184908993146e+00
2.426786789895722052e+00,-1.318442674100552559e+01
7.487470271631456065e+00,-8.718046513897057537e+00
7.355953586723421367e+00,-8.264610722586882119e+00
-4.952657174574168764e+00,5.529119467844715530e+00
9.871560794909622905e-01,-1.337548580061572956e+01
-6.535828795266715119e+00,-9.656264054703028066e+00
7.488621374910739092e+00,-8.874806925242733513e+00
-6.188420538041706109e+00,5.678523635701974825e+00
1.106051503208689191e+01,5.187737293966505625e+00
-1.380729489426305134e+00,-6.365186716105355913e+00
3.710702508063709715e+00,-1.374153821920772067e+01
4.391070742148269979e+00,-1.321156524276409350e+01
-3.227209494960872060e+00,3.851284433516644956e+00
8.012838343750559034e+00,-9.548690932306678647e+00
-1.362675954352231766e+00,-6.245495845803252344e+00
-6.875244841878263458e+00,9.555737452812095967e+00
5.129780460088536609e-01,-1.257637158664411636e+01
8.199729331796154597e+00,-1.270378498114441435e+01
-7.858489045218508551e+00,-5.453022165757005074e-02
-2.005249218730645211e+00,-1.540312725689738649e+01
-1.716481604639859659e+00,-5.456440616546744060e+00
5.013406406893430756e+00,-5.339876314577818306e+00
1.671537128797035754e+00,-9.778990705788029203e+00
3.117597548820386866e+00,-8.722129830971043774e+00
7.891950766354314695e+00,-8.877652513422146896e+00
-7.654399493717801484e+00,-9.611874981775358151e+00
1.089929142884183744e+00,-1.232508651485193241e+01
6.447850485006542121e-01,-1.257647868571880956e+01
1.164801082856732073e+01,6.548070212304914151e+00
7.392251326018521418e+00,-9.754268795100504263e+00
9.239405832735315016e+00,-9.852919189275846534e+00
6.787444197646694377e+00,-4.242974155042995577e+00
6.728506461928679627e+00,-1.150535554525525583e+01
1.157442128443615736e+01,5.436049230033471069e+00
-1.186507991525745886e+01,8.980928982128336457e+00
-5.201832349375104414e+00,-9.537652828868553812e+00
-4.113621462881748236e+00,-6.973182439941836286e+00
-8.229743324336178389e+00,-9.300685916593074865e+00
-2.525246381702437315e+00,-9.494972747465050489e+00
-6.527733242114223344e+00,-1.113641627254250199e+00
9.627193890376110730e+00,1.056558813267436925e+01
-1.435344887514091283e+00,-6.331653365657156307e+00
9.232706093769245115e+00,-9.866545983463362646e+00
8.921582911469435828e+00,3.576482317277313583e-01
4.536967831587068289e+00,-5.932601325765507028e+00
-9.570884284460627001e+00,9.821371366660207158e+00
5.530967670267573411e+00,-7.098678536013322216e+00
8.215503089865750397e+00,-1.259733913939496652e+01
5.699575071307079188e-01,-1.345205214643163849e+01
-1.177442931508310764e+01,8.943515795951968883e+00
-9.255869668270669592e+00,1.094299669896981131e+00
-5.892485085417257018e+00,2.301459880596667062e+00
-1.918141071938021192e+00,-9.599856349406305611e+00
-7.332185463656080593e+00,-6.806849394230478190e+00
8.439694189559141080e+00,-9.613670784688340021e+00
-1.245300962379542042e+01,-3.718619944112750986e+00
4.766788196841468483e+00,-7.112912248877949040e+00
5.586760135190621313e+00,1.125946866052523454e+01
1.204808564821100347e+01,1.033961685720251111e+01
3.234443193680233364e+00,-6.989869076841497275e+00
-9.601577412692579472e+00,-6.040745478386557288e+00
-6.706487232335289761e+00,-1.138496973318326688e+01
-1.129405631524895881e+01,-4.423181624944702572e-01
8.844195884868284452e+00,2.899817151007059390e+00
-4.818499276733921866e-01,-8.907746624613052333e+00
1.119540606244455994e+01,1.307738096930809446e+00
1.087015381567933225e+01,9.346866415244992510e+00
1.087190781664846817e+01,4.610331226942726568e-01
6.070442177517854532e+00,-3.580748288484988939e-01
-1.104035618897907867e+01,3.325442558286166861e+00
4.707011738932656009e+00,-5.940251616327902440e+00
-8.085202478541573257e+00,1.049663615349896162e+00
-2.902358405371797456e+00,1.490092189313171112e+01
1.279479024904366469e+01,-7.263919109608808489e-01
-5.052228702167885777e-01,8.761359276902560111e+00
-1.151165619716178767e+01,1.089573131954207241e+00
-5.916754420201534082e+00,1.929834226062042468e+00
-9.481093918563461287e+00,-3.063760550808829475e+00
3.317252551569620067e+00,1.539817930363492016e+00
-3.614230494022882656e+00,1.216884468356547799e+01
2.437950803107600706e+00,1.169311354981172446e+00
1.065263134223869024e+01,-9.769840038139872007e+00
3.622001045813419307e+00,3.068754706231184404e+00
3.534698370154061298e+00,-2.304306167819321349e-01
1.208068057934988815e+01,5.408372280335981941e+00
1.503916969635578305e+00,1.707030467274742280e+00
4.193794571633481461e+00,-9.845265670654400336e-02
3.384747227209604414e+00,8.776955349926238270e+00
-4.354336017909331780e+00,-6.557581274929288107e+00
3.053572949831133698e+00,-5.212410904384128241e-01
1.730623244808980221e+00,-1.158668801679108817e+01
4.620186442139879168e-01,1.018900594859521469e+01
3.641207110425361271e-01,9.832044800083105329e+00
-2.135468235736492082e-01,-1.014406392566374926e+01
4.762260972920316249e+00,-1.892834082052937017e+00
-2.776989847966317537e+00,5.160374784307280027e-01
-2.683077875351995267e+00,2.839135823166105688e-01
1.768684872247985318e+00,3.656637211587146385e+00
-4.066487114162908867e+00,5.897959193977897030e+00
5.770415953333330350e+00,1.215466332003046546e+01
4.139293647686313804e+00,2.456276318619644350e+00
-9.898796160583846204e-02,2.445956118017666547e+00
4.428305705665916747e+00,-7.826668657774322746e+00
9.882074201273868042e+00,-5.760598782016782771e+00
5.143520336263475379e+00,1.140200512002289557e+00
-1.033083513990626479e+01,-7.400442447523000178e-01
5.324920104153104544e-02,-1.508913438786680850e+01
-6.039538874630041576e+00,-6.262299171101381567e+00
3.521696106666435178e+00,-3.720154347718735099e+00
-6.439856857524859368e-01,4.944649526289233599e+00
-6.463799600655871558e+00,5.361147119403907979e+00
-1.157000998584973672e+01,-5.427316528800401940e+00
6.440376819015531495e+00,-2.946102644795555836e+00
-3.212261844980412562e+00,7.710537605894741020e+00
-4.078734389228436119e-01,-3.187119370613884062e+00
-3.165723212757290739e+00,3.927550574961240937e+00
5.403642324172865052e+00,1.316354144734663834e+01
-4.577747201481588424e-01,1.263006921892324463e+01
-3.169615935457119171e+00,-6.732560094047363997e+00
1.871584292390838344e+00,6.996909239485678889e+00
9.584480055009548138e+00,-3.725561522623788147e+00
-1.454528451392071986e+00,5.844477460997983265e+00
-9.610592272982751538e+00,5.332032600205527828e+00
-3.256868675827935822e-01,-1.148239527327526766e+01
8.750666965831223720e+00,-4.807605248096246342e+00
-1.192614733541953242e+01,3.343498811235904977e+00
4.867938934446540244e+00,6.905732140830687982e+00
-7.680316813213574623e-01,1.476113571654809720e+00
9.042295255030566636e+00,1.106454733031252413e+00
1.178057707074157356e+01,1.078924629479442787e+00
-7.310490954831801780e+00,3.156785775212453515e+00
6.887743637601141167e+00,-3.982924043432861438e+00
6.460272909362060334e-01,8.358625914392666445e+00
7.183736357151434326e+00,8.845104000966459878e+00
-2.116703235642486636e+00,1.284106508068240560e+00
9.527675464188794408e+00,5.966476161779888265e+00
-9.017457665617762075e+00,7.017145689729127334e+00
-5.282505222344387796e+00,-9.334201142213458979e+00
9.485172987362797681e-01,8.577518667554661747e+00
-2.242554932508926235e+00,-3.056192715489294831e-01
-5.112882731705465922e+00,1.158042383521611995e+01
-1.014385948154251160e+01,7.106692315295854101e+00
5.646067183541920720e+00,-1.284258326623415414e+01
8.822665474304320909e+00,-4.464803008184944133e+00
-1.248991381685814872e+01,-4.184531371244827547e+00
-5.061807561206256523e+00,-1.422785152202088454e+01
3.219767545173228385e+00,5.799777516683783496e+00
2.332444438888721661e-01,-7.902150172539617934e+00
-4.344193802994132936e-01,-1.734674198123219657e+00
6.444420820824470653e+00,1.363412679880977940e+01
-1.104514415073612987e+01,3.657585438057506799e+00
-2.001763455969596261e+00,-1.545455823319262834e+01
8.842736565679766514e+00,-1.927854996646247487e+00
1.158607413244468809e+01,-6.643565453650646102e-01
2.098781180366867005e+00,9.762832780231414986e+00
-4.535563357441299459e+00,-8.364843078570265433e+00
6.403231623805591965e+00,-7.827851807133709983e-01
5.158516753440747671e+00,2.177306056686300728e+00
-7.183967147666992403e+00,5.517364967549691634e+00
2.323396377410587910e+00,-2.692660756863095362e+00
7.393475576198238919e+00,8.492907139699089614e-01
-5.339257584194528894e-01,-1.279487764811134465e+00
6.544942612342247834e+00,1.739616107397718103e+00
-5.171320469137424602e+00,-2.759847600060980177e+00
8.877261236035307590e-01,-4.891893534846134095e+00
-7.086482181133947122e+00,4.362431599777131019e+00
9.930304514749161982e+00,-1.624532347587299919e+00
-1.105298350365723197e-03,1.007717756385319063e+01
1.017409187633941059e+01,-4.925869467122267586e+00
1.099473150034316404e+01,-4.303099512224275891e+00
-3.463822849152739636e+00,-1.404205617923193472e+01
4.214778074796293517e+00,-1.287507489705774777e+00
-1.027415957649681033e+01,-1.144672110075727556e+00
9.708071549337255135e+00,5.880908268556060747e+00
-1.424836965169236258e+01,2.075726451291049379e+00
2.211731368769370043e+00,8.962301464946012430e+00
5.371349670526763376e+00,9.061107171646433756e+00
-7.369375130486337078e+00,-4.781274732449907638e+00
-1.294027840209789382e+01,-5.503495360131900327e+00
1.580096245020782497e+00,3.156665437315807843e+00
-3.918915907746703731e+00,-1.350299653429346414e+01
4.456501253005633600e+00,9.031598973884937820e-01
-2.842922462225729419e+00,1.390042899290484080e+01
6.833830817921281664e+00,-6.232032691585376760e+00
-1.242445297194761089e+01,-3.971291237870448132e+00
3.704304606005839773e+00,7.912519697857623768e+00
-1.351303694753303031e+00,-1.014861756992253561e+01
2.936036013312070203e+00,5.878286718315667514e+00
5.688784815214931179e+00,1.203563525214190570e-02
-5.279050118381626966e+00,4.033128246050267762e+00
-1.121554049527301089e+00,9.066140692651885047e+00
1.913126640487079921e+00,-1.486769895802814379e+00
7.425455302032411886e+00,-1.137074808343271215e+01
-1.008659422605584588e+01,-1.854160160702806426e+00
-1.926263109176084676e+00,-2.990396400724680603e+00
-4.440820231594541090e-01,-7.336028229671458512e+00
-9.051804289270097836e-01,3.880143953238904597e+00
6.647807108867158199e+00,6.828664550149198931e+00
1.039316594363519464e+01,7.789101692572909741e+00
-2.961498949901326116e-01,-7.322062174074851271e+00
-2.832773812045137340e+00,1.563246968797418202e+00
5.077734786103345499e+00,-5.257546361941863644e+00
1.022559585576344787e+01,7.770501359264734731e+00
-2.529932869292740527e+00,1.034461233002183356e+01
-4.541432585939104705e+00,-6.401533341990389481e+00
-2.003117250231632340e+00,2.181992426014202291e+00
8.764216595155913225e+00,-6.008881734930982432e+00
-4.473234795043618206e+00,-6.441487334575517920e+00
-4.951072593670259536e+00,-1.408598649498287081e+01
-6.851034002547542912e+00,-7.126743364225379018e+00
-5.379987908845729194e+00,1.277280618569160886e+01
-2.584082150775035558e-01,-1.013174732704698577e+01
-7.972307054448760866e+00,1.033510885812181890e+01
7.481407626600659277e+00,-1.115360214676420902e+01
5.773914804573951010e+00,-1.336223252150117702e+01
-8.789775119102325007e+00,2.064634153678011064e+00
2.657482170199460203e+00,-6.963058762834746673e+00
-7.774517900538212345e+00,1.997536383941108884e+00
8.385212844925385767e+00,-1.139299072204673102e+01
5.122347384102508450e+00,-1.261177670562525677e+01
3.150426881943917401e+00,-8.635667603972494888e+00
-7.731971158677148459e+00,-4.839109248202596802e+00
-5.278077812354649900e+00,9.064759593109444680e+00
2.903175876325089444e+00,-1.279639338795615267e+01
-3.815301308917733003e+00,1.063731956032358816e+01
4.980991545669962051e+00,5.368414947059386044e+00
-6.766504418522409026e+00,-9.679978623159767537e+00
-5.789072608917938290e+00,-1.264289840858383585e+01
4.758951631833936879e+00,4.597618312576004840e+00
7.966018750323027753e+00,-8.822939779253447412e+00
5.746731739542879858e+00,1.408804088749402261e+01
-4.629710349503670108e-01,1.036585895350724051e+01
2.016783184486285130e+00,-9.253571550095703202e+00
-8.928991272084708442e+00,1.015126369134989481e+01
-6.737982614268253734e+00,8.245905579428002952e+00
-4.098880068817720712e+00,5.436095122973418015e+00
-7.092842316590778351e-01,-1.467048192973462228e+01
1.012388025030443472e+01,-3.387547825472727148e+00
3.865788699572921150e+00,-1.075671002828660860e+01
-5.873707710996423970e+00,-5.957318908463170359e+00
-8.096495219262209275e+00,-9.500765200528972443e+00
-6.282466755593168806e+00,5.202822926751239585e+00
6.295157132981476167e+00,-7.633249406665675529e+00
5.339373783233369863e+00,-9.516725732739454102e+00
-2.987699053749464984e+00,-1.343405361727054981e+01
-9.287536179803986158e+00,9.784589439529947086e+00
-3.065272920503351095e+00,3.960275941463973215e+00
-3.192363961579086418e+00,1.362148935050517551e+01
-1.052287936878159158e+01,-7.934171705538519248e+00
-1.617792971276505121e+00,-1.313010572447631041e+01
-2.848936357539781916e+00,-6.611573784801019649e+00
8.075267965496209399e+00,1.161232576889022372e+00
4.174238575949654084e+00,6.322463948410590895e+00
-6.090901669277454467e+00,-1.032423880276416073e+00
-7.176382319213374217e+00,6.058387641507977150e+00
-8.795840950649205681e+00,-4.062200481127349327e+00
-8.394375119866777979e+00,4.919356275067959139e+00
1.358222502120710329e-01,-8.863787702796864565e+00
9.408448686825237051e-01,6.318412884119921635e+00
2.495733766408230192e+00,3.783493959195572742e+00
6.036204082704120566e+00,5.715322201151187720e+00
1.134906508895615040e+01,-4.102535558644208713e+00
1.297797989174648947e+01,-1.534968520926888846e+00
-1.079089854106000068e+01,-6.119322459899386502e+00
7.483098229928982548e+00,1.030812149607038153e+00
8.530664810976984924e+00,9.786870011049034757e-01
1.128423966261505207e+01,1.522760654982238560e+00
1.218651162357076378e+00,2.755246323516924001e+00
1.192922108220286326e+00,5.393156605257412473e+00
-2.372096294741866451e+00,8.635387406688177947e+00
7.144282391890669714e+00,6.314110553230043443e-01
6.616875133171845391e+00,4.435993096624796905e+00
-5.103348423165006587e+00,1.165826576679101656e+01
1.954713891451040686e+00,-4.565752407710400362e+00
1.942947909502405812e+00,9.934340229554631918e+00
8.381908179384179647e+00,6.125712114999282143e+00
9.062091382688051144e-01,9.351147733302624943e+00
1.842198507415262698e+00,4.376813933825089542e+00
-2.233999483759212534e+00,7.440027506993807549e+00
3.356156921912849089e+00,1.195048514289411301e+01
-1.305916116489208356e+01,-5.537454747870129701e+00
7.811579352118315889e+00,3.742174549484201140e+00
-9.526426630663792139e+00,-2.985679090970792121e-02
8.490577591632012755e+00,-4.975508618217608259e+00
1.556825488510537869e-01,1.153922097455323814e-01
2.253578709148988946e+00,8.387246595841276076e+00
3.451643175794956608e+00,1.161892180632613680e+01
1.127266742330493399e+00,3.913916017927934199e+00
-1.306669976243164832e+01,-5.471654902123616715e+00
-5.128228958599658327e+00,3.939250988573687717e+00
1.234167135328484122e+01,1.804802844841903342e+00
1.198927154328015998e+00,5.420596448326082673e+00
-1.000837387415628443e-01,2.342842650843511176e+00
1.249356591057645005e+01,3.671835493892519620e-02
1.228666685403925385e+01,-2.917657292409858272e+00
7.927167209937421299e-01,2.282084032740219204e+00
3.410776668507641052e+00,8.726704786660558710e+00
-1.292586050053454194e+01,5.615452842041606552e+00
2.221008238008171709e+00,9.810227951464051799e+00
-1.105272141423738219e+01,-6.088273158011951125e+00
-1.257116294340585405e+01,-6.681037618088116581e+00
5.290306880816877388e+00,1.309813946266296769e+00
4.618155474914076741e+00,6.833807585352377201e-01
1.986095242378755454e+00,-1.324960028285742775e+00
-2.245539875664555929e+00,-1.569243456246105284e+00
8.071876584806485511e+00,6.426752213699447935e+00
2.209457520893126858e+00,-9.469253402508642781e-01
5.241339479704196336e+00,-1.096406379420889188e+01
1.220519579156159651e+01,-7.409574681381800865e+00
-6.035231355933269093e+00,-5.197068735344448243e+00
-1.317276827749355661e+01,-1.059098004766243939e+00
5.295122590600511714e-01,1.287193716462262572e+01
-6.842794678251221008e+00,5.663496549507079258e+00
-4.370595853541458631e+00,1.986014520649736492e-01
-7.677804091138026088e+00,4.766800155560479979e+00
2.245902038808397005e+00,-7.507162941558015667e+00
1.288121315052569749e+01,-3.653713454046019660e+00
-7.051368376636738766e+00,1.127504372191403270e+01
3.556878037538160342e-01,6.430361664701634616e+00
-1.088664901476893121e+01,-7.964116889847061564e+00
-9.871862119740450581e+00,-4.467033221608112115e+00
-4.196997358576917136e+00,9.904038086581516964e+00
2.963204134155881686e+00,3.338658547084274453e+00
-1.698290367976376114e+00,-1.211578463732299227e+01
9.715135441277341855e+00,-1.239809549876261352e+00
1.042155893782878984e+01,2.017743951546727033e+00
-4.186799162667656837e+00,4.578173177951560646e+00
1.268642285576502937e+00,2.733532380763350034e+00
1.146839720626145898e+01,-5.386232398812986766e+00
1.034585536841294839e+01,-1.689077680211185983e+00
1.172435295058093807e+01,-1.357983910440990538e+00
2.416695716955321593e+00,-5.821076003644783725e+00
7.816600439563002878e-01,2.026549406313409296e+00
-1.323984731359693079e+01,-8.940051235178428923e-01
8.308599562603273370e+00,5.153310273506835237e+00
3.651304270500169924e+00,-4.264600151599874378e-01
7.910368383127457825e+00,7.317431370026832305e+00
-9.130329588385031059e-01,3.844381304705207558e+00
-1.391939049259676819e+00,-4.296187661335012509e-01
3.301030788535645577e+00,-3.463428936894277221e+00
-9.103724314518188976e+00,6.782571929178598857e+00
1.117025603280158563e+01,1.058943062206596686e+01
4.839081826358803795e+00,4.491391068320602642e+00
-2.315038127231835663e+00,1.101877159112098425e+01
-7.133669096522238462e+00,-2.171242559671247907e+00
5.729835373053721703e+00,3.104897222410583968e+00
-6.910566387933654298e-01,-7.573514111849001473e+00
3.545657346508505725e+00,4.966546679887506421e+00
1.163993532245496354e+01,6.510196704885063745e+00
5.048953923380715691e-01,-5.779787223499464943e+00
1.064036946225915381e+00,1.327058090842294646e+01
3.700955076359795370e+00,5.915232719189743804e+00
-1.003237234320388538e+01,8.723410965223200364e+00
-3.121095601363519378e-01,-3.231116040208008577e+00
-4.211936702923786413e+00,-1.221287373405908561e+01
-1.488994073608601099e+01,2.523443975789068539e+00
-3.685496227403490810e+00,-2.823026590281508152e+00
5.072116071580690111e+00,9.117304920465212348e+00
8.155921510352449388e+00,7.014924371859218688e+00
5.560082490140580980e+00,1.142501469285853233e+01
1.213602256236487736e-01,3.939515003142518346e+00
-3.902579270213168083e+00,-1.390884459261682515e+01
2.738822493963618765e+00,-7.046377942566654617e+00
-1.152243082288472031e+01,3.078998784346302475e+00
-4.636936358132277114e+00,1.266692897460173839e+01
-2.167992038173514935e+00,1.066528258126041884e+01
-1.553932872407282062e+00,-1.236378426295298816e+00
6.413584461221248034e+00,3.133330768182497561e+00
1.308138573579498320e+01,-1.484008481812495450e+00
8.845261045173764103e+00,2.942382278961942710e+00
4.840751417849054605e-01,-2.128880837133483861e-01
1.108703498383078667e+01,1.403556269941914847e+00
1.206127509267559539e+01,6.710429040064728179e-01
6.490673038360797342e+00,-1.341051022131251536e+01
-1.050540017596057929e+01,2.431554909566403744e+00
-4.729472289896460069e+00,-3.665264423157277740e+00
1.376239581831868541e+01,-3.337666584502586797e+00
1.274907723282797711e+01,-1.933086554158845782e+00
9.069477324797722062e+00,6.749189487085554440e+00
-1.107318704840763307e-01,2.820368641285552425e+00
1.063512745222611677e+01,-5.170798697085215778e+00
-1.325275914022861201e+01,1.344935993015982989e+00
-7.256489116554506680e+00,-4.614901070000376748e+00
8.061003232783026107e+00,6.724184023502905561e+00
3.844273398488455395e+00,1.059303343258197216e+01
3.004316066709670441e+00,-1.236020197510897134e+01
5.220726304178470834e+00,-2.405895542814353139e+00
3.923240583406385262e+00,-3.258186341334351699e+00
7.373904099491224606e+00,-6.289986522257080992e+00
7.903385097601523412e+00,6.514662391490367632e+00
4.675420710785130884e-01,-1.351065554841717997e+01
-2.025917821701974653e+00,-9.275813979122446540e+00
-3.075614240354082263e+00,-2.619661666184399440e+00
1.127337943206093662e+01,-4.225571402328686332e+00
-4.824998278204351898e+00,-1.276961729876194163e+00
-4.839187630914111082e+00,2.367055827122118927e+00
-9.082862344449356584e+00,-4.286875475371313193e+00
-2.787170499043014171e+00,-6.594464277197148228e+00
5.437107334657190094e+00,1.080761803660876730e+01
7.774660338586254937e+00,1.056028093470747464e+01
1.186034764848685796e+01,-4.349327571052035601e+00
-3.509402370272594940e+00,-9.776792247393299107e+00
-2.315919045897502304e+00,-1.453738834232859567e+01
-4.691554954947288358e+00,1.274630210591622870e+01
-1.134539107258216717e+01,8.766139051970756046e-01
2.165673320096194399e+00,8.319041853986091084e+00
5.836227706677603599e+00,-7.558022148544226937e+00
-6.254220522362370360e+00,5.395333351055432658e+00
-1.811659189276567383e-01,4.899305243048715397e+00
1.438901908568446908e+00,-6.482408500591905209e+00
6.008875790805327632e+00,-5.553292857088681922e-01
-5.427821092764745892e+00,-8.264747394363707755e+00
4.117945019322771572e+00,1.455343581254041574e+01
6.392642530520468824e+00,3.337900858559950112e+00
1.624351134236875271e+00,6.756786753180533012e+00
8.996346232877019844e+00,2.634824968649990051e+00
-3.119642519937643854e+00,7.720070042633363272e+00
-1.241466427721471177e+01,3.158461396834887136e+00
1.075975482884615886e+01,1.648724054394888963e-02
7.037185093674755976e+00,4.066318848349465220e+00
-4.872797168172113835e+00,-9.681977655207462119e-01
-5.075281652644370922e+00,3.192174875937594969e+00
1.581557269844262814e+00,-1.198509705808451109e+01
9.103464931597880394e+00,8.003383045513633220e+00
-3.379289067219980236e+00,-1.010487800071138942e+01
1.371360081781251772e+01,3.115351012951430132e+00
-4.895642950495030732e+00,5.656037538766987005e+00
9.123951715580620458e+00,1.114292163530357271e+01
-4.341205148259583702e+00,1.052102266585737800e+00
-1.425780201547411918e+00,-1.187912771824704272e+01
-1.175641622960315047e+01,8.681478903588306650e+00
-3.669002307087102288e+00,4.124092136765195704e+00
-1.316073337360779227e+01,-4.624518035478386579e-01
-4.771375977619388919e+00,-2.085732561625019271e-02
4.905827571079520943e+00,8.795369518527961006e+00
-2.521287507653831916e+00,-6.476761946730461794e+00
3.420702812334697640e+00,2.975260623327296905e+00
1.410432904401575649e-01,-1.475389246412621169e+01
-8.263548011397995552e+00,9.930796954860070969e+00
1.061845172730692610e+01,-9.936985046524346998e+00
-1.761620248885911399e+00,-1.296591750140406241e+01
1.254557531443742846e+01,5.483176763768740969e+00
-3.666201156062337763e+00,2.586186213467622341e+00
-1.414664159489579731e+01,1.830864205644158860e+00
-1.280678251750311780e+01,-3.138848484061365074e+00
1.072183625114571548e+01,5.934748693836375821e+00
-1.977796924337857032e+00,1.090493255996646482e+01
4.894957304565999756e+00,-4.020918756530435623e+00
6.331124533099724339e+00,3.128132954938437571e+00
1.244125918589988056e-01,-1.002399519544001372e+01
-3.029147769724061856e+00,1.323186636358739321e+01
8.414477400357846193e+00,-9.029217711361939180e+00
-3.639643833659899741e+00,-7.400987916840620073e+00
7.620839818683758260e+00,1.857959594121454838e+00
8.848489109698094879e+00,2.925222207806812413e+00
2.908027629538763037e+00,-7.958366992432672760e+00
-1.837708461362911105e+00,5.418769145514159113e+00
1.162060118736214598e+01,1.227361423491982961e+00
1.104471468359012931e+01,5.253484728478955645e+00
-9.408704883458890444e-01,-5.882137874382399545e+00
6.471626644004431661e+00,4.805251200419972335e+00
1.272387639768215450e+01,4.132435170511925548e+00
7.355863872703644057e-01,8.439983695655186580e+00
-9.174047613356183462e+00,6.903419226002542430e+00
7.510617376850299287e+00,9.819217323336453251e-01
-7.727676764711832291e+00,-3.332105385941300568e+00
1.856057332098080215e+00,-4.744917706985687822e+00
6.230260840183849069e+00,-1.294082796540395286e+01
9.034289662821175071e+00,-8.819567596924967390e+00
8.333093696886512802e+00,5.859069796345636405e+00
1.308599331940290611e+01,-3.794101850533001308e+00
9.124990148619253061e-01,-3.221190578783116543e+00
-4.749110827719763783e+00,-1.410016671657254683e+01
-2.331168586197343018e+00,7.576439607278541821e+00
-4.841663155287287523e+00,1.281896811587756169e+01
-3.275564333073968104e+00,-8.907655267246432640e-01
2.825064138593359697e+00,1.293053631030295669e+01
1.244538215686432858e+00,-7.191354056576051867e+00
-4.740419685906776870e+00,-2.124392208998084619e-01
-6.137993158936415838e+00,-1.153287595875708149e+01
5.562022954332269897e+00,8.958693874802426294e+00
-6.942843978863585397e-01,1.480584287932198073e+01
-5.688654072791812233e-01,-9.204841606327370584e+00
1.246028225043763538e+00,-2.831679231976509836e+00
1.048504334534741389e+01,-9.929086892816682663e+00
6.819101716241332767e+00,1.110233481636445774e+01
3.712984517059514822e+00,6.708588678627991797e+00
-8.090476443724677225e+00,-5.262046414794201432e+00
1.169638938825907815e+01,1.036432113834713853e+01
1.090730250232661191e+01,-6.685548331146467405e+00
2.489378173030579067e+00,-1.350758295522171437e+01
2.151807569293285205e+00,6.505691466385771449e+00
-6.154072079005247886e+00,-7.205038990881870831e+00
-5.942993020707607599e+00,2.450764064380924090e+00
-5.958520503379618916e+00,7.492130107544284989e+00
-7.354446057673785120e+00,3.956798237480821712e+00
9.442701266061979126e+00,-8.057181158111401231e+00
2.627352333436680620e+00,-7.489419247093374032e+00
-1.306956104020358944e-01,-1.477428791714124889e+00
8.558247992210958444e+00,-6.789134852726618208e-01
-1.123553426411418776e+01,5.465408175384146361e+00
-1.019818535415335098e-01,1.589948520639126173e+00
-2.880082014984071570e+00,1.393855796309551032e+01
5.973117477911660700e+00,5.745978557147817689e+00
3.709882984685905161e+00,-7.564648123626518395e-01
-7.534118696046755659e+00,8.024243489704433685e+00
2.046021062687199965e+00,2.901871349490706464e+00
1.248824759000646090e+01,-2.671293821051710538e+00
2.149222082785487764e+00,-9.283208178986889436e+00
-8.409462253405628474e+00,-9.560396426932086911e+00
-1.404060928705128575e+01,2.537721778447493026e+00
5.589448843495345431e-02,1.137291143879564892e+01
1.001837650288186943e+01,-3.238125047903115394e+00
4.842143010887331123e+00,9.887578436196793774e+00
1.655400342976751871e+00,-2.835696512466387098e+00
-8.542946662785675827e+00,-2.204735594373049778e+00
-1.112361008307899013e+01,-6.299975798131223215e+00
-4.692236576516534363e+00,-4.658927360241718496e+00
-5.722116729524654666e+00,-9.970695567728467879e+00
-5.410822127912832791e+00,1.120274359047112078e+01
-1.108672048530140941e+01,-6.162321386964456416e+00
-3.226888182307153130e+00,1.074995108793832621e+01
-3.610258417669743647e+00,5.199303138395794388e-01
4.553134054684166543e+00,-1.301666952817781642e+01
4.374898735389284310e-01,-5.855515425596941270e+00
2.469207885546640835e+00,-1.508899781323673972e+00
-5.251550215493937301e+00,-1.379703089332725341e+01
-3.639644646619575319e+00,-1.051268523357938101e+01
7.161460286154542665e+00,6.170558318488373217e+00
-4.718455469949410563e+00,7.226263599502088297e+00
7.070807105452074914e+00,6.260684593038424950e+00
-8.349009059313557302e+00,6.293244514045640337e+00
-2.833177389468712892e+00,1.335939402300414436e+01
1.075401919283488894e+01,4.298512806044513468e+00
4.938238932086568056e+00,8.300347066660417994e+00
-1.950298141922972794e+00,-4.031984586205449084e+00
7.703546151581207369e+00,2.024407134085504989e+00
1.719234196874319665e-02,-1.107460354622256737e+01
3.027234730862241041e-01,-5.780891446077732532e+00
-6.014917060895597523e+00,7.381736714164749635e+00
4.423462360674568217e+00,4.924989713789102552e+00
-2.904195042058997700e+00,-9.096334693787669678e+00
-4.013469388689545170e+00,-8.860467623294377759e+00
2.248558842155371273e+00,-9.201833655058727857e+00
-7.771623701311348498e+00,2.601307701983337939e+00
1.121283558021202431e+01,8.654338707486658677e+00
-2.611609699278999219e+00,-1.303121006796504311e+01
-7.082550540956883189e+00,8.090351140884475711e+00
5.312836581406156000e+00,-6.555351980258982358e+00
1.009470507693549024e+01,-3.267425587656344721e+00
8.912959484982369673e+00,-1.068546620775171974e+01
-8.822288222674314895e+00,-2.246662678331134089e+00
-5.557163402415186582e+00,-9.605678243957017415e+00
-5.728565428382394131e+00,-7.923039587549921769e+00
-1.470621400110852406e+01,3.200201704003259540e+00
-2.520683044750104074e+00,2.982403592993570385e+00
-6.513551135958269178e+00,4.814647076748482135e+00
6.043869745191066123e+00,7.425457058623178952e+00
5.541264540536844585e+00,-9.694832449914834172e+00
-1.651076488027292122e+00,1.775283096983249820e+00
-1.022458036213251908e+01,-7.798996000072905943e+00
-3.259692363244032443e+00,3.845577272530961821e+00
-6.785899595335499690e+00,1.992153551990198057e+00
4.415137792788812909e+00,5.846687661794079283e+00
-1.954691373673099308e+00,-8.079369000918593002e+00
-2.224376165597274468e+00,-7.037189970118897797e+00
2.686844992881434635e+00,-1.199036521053318616e+01
-2.732910387096140870e+00,-4.824175975670743632e+00
-8.369358651675446126e+00,9.980850446056125591e+00
8.312348837994957051e+00,-8.912876181513674112e+00
-8.562109112166393921e-01,6.515792251591109085e+00
1.158841368354970847e+01,-1.564610081347172166e+00
-1.747529906161164437e+00,-1.214828951673464275e+01
-1.728008007509068023e+00,-1.012783823879185796e+01
-2.797445647310863315e+00,-8.410256641669858979e+00
-5.905487034788983181e+00,-8.927805178534562458e-01
-4.365207928631353873e+00,5.718863237380311659e+00
7.138239773559016399e+00,9.694036260062370403e+00
9.487788729757454576e+00,1.048946116978120013e+00
3.852569343062157703e+00,-1.085953629218357008e+01
5.805421898591616170e-01,6.564854797297445810e-01
-8.237167916001132184e+00,-9.640401625723548307e+00
-2.141559124051358953e+00,1.297680188868501894e+00
4.174428416103615369e+00,-1.911826563054945527e-01
-5.230401985153426914e+00,-9.431576410552830581e+00
-9.431625542992998490e+00,9.899802079245343833e+00
-4.253751749255615167e+00,9.828795837369780131e+00
4.230365012779106593e+00,8.444184647810214273e+00
2.629929533388652291e-03,-1.337088103446061460e+01
3.658316795633098195e+00,-3.967986030444523582e+00
-2.594069253296720223e+00,4.925578285573559145e-02
-6.232771948926413508e+00,-1.105873573357350370e+00
-2.043705563251279500e+00,1.327365635187311632e+01
-4.671331874241897886e+00,3.170927916700866378e-01
6.486865530165350613e+00,-7.765781956612936909e+00
-8.703496827634568334e+00,1.003596953898402333e+01
-7.068044971040377433e+00,-2.208087972325290860e+00
4.031021370690329064e+00,7.276711279626145945e+00
-2.294538126904112740e+00,-1.445689683457843699e+01
9.104505970774999568e+00,-1.672083770527035274e+00
1.146258773943337594e+01,-3.268175424476979174e+00
-7.670931889181266117e-01,-4.879770885145534365e+00
-4.312343737341405081e+00,1.313117215350349731e+01
-4.558095154528301607e-01,4.870475637752488929e+00
-2.338721262181826965e+00,5.020651637716075477e+00
-1.074209633407472886e+01,-1.942550342501526250e+00
3.091322515494874690e+00,1.011089890119006007e+01
-5.236939938807236850e+00,-1.093778396439025613e+01
-4.518545371758554197e+00,-8.163780014323103629e+00
-4.294571705860472655e+00,-7.814526938423813185e+00
-2.002152710457283380e+00,1.380039797274079127e+01
-1.519106494708744037e+00,5.866122056564596399e+00
1.209204463879663294e+00,1.257786534021221314e+01
-5.499166304046585907e+00,1.017474805218032863e+01
9.014380241676645866e+00,4.279948396703645130e+00
4.260091837244889823e-01,1.352510236805937893e+01
-1.267572056143172787e+01,-3.598398931932428990e+00
8.842000567792346999e+00,-2.001273974404348621e+00
7.543517395008492166e+00,-2.116755467681204816e+00
7.897083308835127546e+00,5.381972576936676411e+00
-1.162381184210342644e+00,-2.537006480351000182e+00
5.443744651513985566e+00,9.053850516831985829e+00
6.472498174115751901e+00,3.948196067506767992e+00
6.460540047332217206e+00,1.643748972572775413e+00
-4.090548500489209260e+00,-1.372428909029837740e+01
-1.022331456694499785e+01,6.990801366458572197e+00
9.906062915827721582e+00,7.766308788454708179e+00
1.195576556367967846e+01,1.579626924334369686e+00
-3.064910683158715177e+00,1.381737264428271494e+01
8.105695159357857449e+00,1.060645079927972567e+01
-7.462319246025160169e+00,-1.237950756258369189e+01
-1.946526920628944834e+00,-1.557831602442775853e+01
-1.216329263819583062e+01,-5.373620971905141985e+00
1.082662090959718659e+00,-2.548736427172024310e+00
-5.972120972489894264e+00,-4.173381703791376296e+00
8.985885865745062873e+00,1.059950718039395667e+01
6.249112482403843316e+00,1.385099479706429371e+01
4.452668020893372436e+00,-5.880069383143291084e+00
4.940149375291301048e+00,9.691938912997869693e+00
3.895952906374813146e-02,-1.520710558245617428e+01
-6.077374156252336235e+00,2.455662069122772184e+00
-5.335096784271255999e+00,4.041668236706484230e+00
5.213686751455663959e+00,-1.089551159404082270e+01
4.629941791295265396e+00,-9.284771780850610057e+00
-6.999116035523941015e+00,6.050663006349493500e+00
1.116545179303137481e+01,-9.475008645156810516e+00
1.001218652527028574e+01,4.686717214125852848e+00
4.035168910699043821e+00,8.185536997538360282e+00
2.375450059509283396e-01,-9.082451988602022297e+00
-1.721972934594210969e+00,1.899167729227741575e+00
-1.863643328912853114e+00,-5.652359826755021466e+00
3.482750282333638481e+00,-4.543206238258804319e+00
-1.938287437245295397e+00,1.249668235777554948e+01
4.350852269164889208e+00,-8.112883997422065008e+00
1.992336813978334842e+00,-1.139897653572840319e+01
-9.530946102704028533e+00,-4.490096041399879390e+00
-9.862406142327575509e+00,1.116994021590339004e-01
4.073588991489607847e-01,-1.037464617536819489e+01
7.608202422428581357e+00,3.767878575634558413e-01
2.459411622751653148e+00,-5.077764577705774940e+00
4.324550247693810689e+00,-1.010367937844683617e+01
2.866481369085977615e+00,-5.327643171730590765e+00
1.065389447572714143e+00,1.309526432986683808e+01
-8.794130327591233254e+00,1.982251156998723562e+00
8.587839598018668141e+00,9.153753679705022961e+00
-1.689136557099333302e+00,-1.305870109880216923e+01
8.384592755360475991e+00,-1.195502494214549039e+01
-9.864196185777320380e+00,7.036732866298573086e+00
-9.562661770466977629e+00,7.965938305420224852e-01
2.315725158018178131e+00,8.072864179908679105e+00
-5.000979394076249918e+00,-2.198805684911090630e+00
7.745496070267718913e+00,7.416133695132813841e+00
-4.712522486466097504e+00,-1.231594464266588390e-01
2.378639653159376532e+00,-7.754790367149545505e-01
4.356581223764756094e-01,-3.149476627801520934e+00
-2.803488256097299125e+00,7.797329862022242430e+00
1.036323023078788985e+01,-1.004718261133727886e+01
9.366005179692681537e+00,7.953092971195298233e+00
9.762802508797006951e+00,9.844493957157913755e+00
5.409802193136711956e+00,1.366286322260865305e+01
1.137879923576086583e+01,1.049820266034950222e+01
-1.003082668455832760e+01,7.850681790542111571e+00
-1.513516118466594396e+00,3.429924770421023172e+00
-4.469813293874318028e+00,9.641920844362348308e-01
-1.192140464993047289e+01,5.384857299246848861e+00
-4.091328606105469667e+00,-1.067353080331200132e+01
-9.829331673497167188e+00,-7.510002035257019593e+00
-3.279472018156454727e+00,-3.760326449251253589e+00
7.207677151362702261e+00,1.247540067122323570e+00
-4.075237359448577124e+00,1.042006353055436740e+01
5.197886307392154848e+00,1.036203123857850805e+01
-2.545956162480120799e+00,-4.774601371190625443e+00
-8.187034668825818873e-01,6.523837816836632442e+00
9.289636695736561700e-01,-3.051193589256824268e+00
-1.317804256306893240e+00,-7.744925920193427515e+00
-6.401539519773959519e+00,-3.231122073340348511e+00
-7.430345029126381284e+00,-4.780574448577898927e+00
-8.286030551464957483e+00,1.020259436989099555e+01
1.105382993215602516e+00,1.354590941319184338e+01
2.979708221069489849e+00,-1.239753528201027777e+01
-2.232822153978294200e+00,-1.476878632058081919e+01
-2.680951442194280609e+00,-1.300089902545845000e+01
-3.992218499087658135e+00,1.299205927906456992e+01
-1.937474229291249239e+00,2.096089732058943778e+00
7.032281581382423319e+00,1.132420080844096288e+00
-4.674416305276490213e+00,-6.488898636861315516e+00
7.403398473912283784e+00,-8.354326203478489532e+00
5.697064725077836123e-01,-5.842608897684501201e+00
1.846160460995594610e+00,-4.590617826112271871e+00
1.503728852281280837e+00,-1.113136648791423156e+01
3.092294120534011981e+00,6.196286316301525154e+00
-1.074609175232377112e+01,3.829307010508755660e+00
1.448441968933337876e+00,-9.989533992787864136e+00
1.613775970961267570e-01,-1.317237386676456801e+01
-1.098704357899736017e+01,-5.483264304896273700e-01
-1.096096153500651482e+01,-1.141304783929399269e+00
5.900337671605391243e+00,-7.455807138827128533e+00
8.866128745985420778e+00,5.561032738522865282e-01
7.150412682139555720e+00,-1.941488315415028088e-01
2.965467746344811140e+00,-7.609255133088470124e+00
5.168628877181224546e+00,9.259152994637929623e+00
-7.873435616583680519e-01,1.043478660367958710e+01
6.338831249369195397e+00,-2.932459165215429042e+00
-8.728746060208170121e+00,-1.146035833572510221e+01
-4.875781203033389133e+00,5.643558939440105782e+00
-5.823604480530837346e-01,-4.609653630678058889e+00
-2.947953988230481492e+00,1.392570812592257035e+01
-1.049145220087312147e+01,-1.656221608103970899e+00
-7.041422776810209783e+00,6.311401783775560048e+00
1.825824878699313425e+00,6.722523928612432975e+00
-5.961796245793395954e+00,-3.952620958390124617e+00
3.087122801459050603e+00,2.977707304627769336e+00
-5.037115914303631037e+00,-1.420176978410922430e+01
6.410742695729706675e+00,1.345579148812470649e+01
4.270266053820631846e+00,1.457708443851136959e+00
-4.059565224241010739e+00,8.689282517713813547e+00
-8.406560228564442738e+00,2.714322170830349101e+00
1.284967352406278351e+01,3.117905702341838836e+00
5.793158289215276646e+00,1.341096420053741589e+01
8.019289555551146975e+00,-6.949956516763856618e-01
9.757708850468766570e+00,7.011389260522783218e+00
5.163858942694340648e+00,-1.274414565824965528e+01
3.379885422587564081e-01,-2.154855425710636430e-01
-1.327282104152283893e+01,-2.087990740405660794e+00
2.441557501991659329e+00,-2.656764885193129810e+00
-4.716143554380071379e+00,-9.571672855896052212e+00
-1.106716185785721862e+01,-2.401792040191043309e+00
-7.558051844119880514e+00,4.959646029017146240e+00
-1.803683417959892843e+00,1.039640663765380424e+01
-2.096909088932567222e+00,-1.903418733584292921e+00
-7.339755697442398308e-01,7.654299406380029147e+00
9.634361617775912379e+00,1.023793646189886175e+01
-5.392449242811060195e+00,-2.166243316589157697e+00
8.665782218383240476e+00,-3.862592283083142064e+00
3.064169725386959309e-01,5.930743301551219204e+00
8.944705644213643225e+00,2.794826664174442588e+00
-1.378457720085681570e+00,-8.098004645932242340e+00
-1.182806358380144296e+01,5.569266739457869875e-01
1.087746145967461509e+01,2.640823085015419625e-01
-6.281029147011729208e+00,7.099930804685399721e+00
6.607620854739637117e+00,1.574502854005789931e+00
-3.509254325631421256e+00,-9.308297458404723557e+00
1.795668861368669988e+00,-4.420454725409522112e+00
9.919310596745548381e+00,6.864828302838829721e+00
-2.008225885208757333e+00,5.393492472611054467e+00
6.331134783669550181e+00,-1.262395211119503813e+01
-4.611005072063171784e-01,1.104641698448965670e+01
-6.561487425410884589e-01,8.913447247563290432e+00
-3.706710090535104918e+00,-9.273924083167910837e+00
1.297843240142182353e+01,-3.545658159907063123e+00
1.234335144559350894e+00,-2.308597951755532396e+00
4.959034248691153834e+00,3.731591324079657657e+00
5.161131637725771881e+00,3.475528705234392834e+00
-1.435718071280300157e+00,6.168219245876575663e+00
1.598605122433920611e+00,-6.115962262975426000e+00
-1.472495553799270596e+01,2.318473762371127123e+00
7.598123795108663536e+00,1.086212464021647506e+01
-2.918409583902575211e+00,-8.987504046664323454e+00
-2.403451076647190376e+00,-1.460146861467144141e+01
-3.781196593666228623e+00,-7.950666715466388368e+00
-7.853666191720626522e+00,2.764643100038873147e+00
-3.650553882863996957e+00,2.238806583216971902e+00
-1.652375068960751481e+00,5.637280119673722112e+00
6.841332226205942391e+00,9.428311233368874555e-01
-6.255292069921909004e+00,2.754270580871304386e+00
-3.539103977891041808e+00,-9.418344706073172645e+00
2.044468536542946691e+00,-4.861391142467716087e+00
6.447408937520067163e-01,1.350181964171118487e+01
8.360435437351769750e+00,5.329357106606268601e+00
1.228229826404414204e+01,-7.373052651565367377e+00
7.470436291989988931e+00,-2.797942390327925466e+00
-7.432052385273168582e+00,-6.695383926229279581e+00
-8.554671432987486668e+00,-2.029116100249554577e+00
-3.637612966657704838e+00,-1.274768720705404235e+01
1.253978281786932847e+01,3.126234358683424919e+00
5.612578150105663966e+00,1.152689810415419913e+01
1.110069360568010133e+01,-5.456518802365370568e+00
5.251516225987759690e+00,-5.883730310046939138e+00
8.709848561426872138e+00,6.320526377796930717e+00
2.040626046968407881e+00,-1.336430907640272814e+01
-6.865177206493796369e+00,-6.890762380023572220e+00
-2.294197617195375738e+00,7.500785687872215668e+00
-6.494592827250225575e+00,3.415451492185596294e+00
5.760566741918891509e+00,-4.549213733872099930e+00
-1.278283876036453215e+00,-1.099686914933852933e+01
-7.997645922202931246e+00,-2.261218729904601599e-02
4.962767294242436678e-01,1.438722938260140438e+01
-8.118772630049564398e-01,-9.791728559279532007e+00
9.364202572361737253e+00,9.985057813081364975e-01
-9.300044778253896638e+00,-1.358675882143569602e+00
-8.959220115177568999e+00,-2.598491139616499801e+00
-1.206818834219027359e+00,-1.133841538927408976e+01
-8.968726553204918517e+00,3.892375792105041921e+00
-4.002770917681199414e+00,4.320497473776444330e+00
9.716194693601348575e+00,-7.922566662343704103e+00
8.281577740455086101e+00,-1.142517019251431876e+01
-9.525971831022966185e+00,7.067892479112646065e+00
2.745207254475193093e+00,-7.069133063263350003e+00
-8.368147834095367443e+00,1.022375448782431251e+00
4.011905423869208676e-01,-1.495295251431811145e+01
7.279551430331410167e+00,-3.217625633691505893e+00
5.017491917241472255e-01,7.239729433184522556e+00
-2.628836583343124644e+00,-1.849069245472192646e+00
-2.439962097651892758e+00,8.098004974734718253e-01
-5.299053454290509890e+00,-2.294103850319997751e+00
-1.185695572347981930e+01,-4.941695123592907635e+00
-9.075355962270478472e+00,3.885600520838890404e+00
9.261380966162365169e+00,-6.198307715362371795e+00
6.040465870196616294e+00,1.289981418282498460e+01
1.232531052406033112e+01,2.041971622879651616e+00
6.380016231343334177e+00,1.347273985641791327e+01
8.200499272951704555e+00,1.056740578147257992e+01
-2.074064084519319007e+00,-1.515386192697227230e+01
-1.341077615674387502e+01,-6.973090710391128821e-01
2.247591102483724512e+00,1.004110914201560867e+01
-7.789379088069489754e+00,5.360205037090836733e+00
1.698436564943535343e+00,6.432058897726958158e+00
-5.467762618629008031e+00,1.015709039418397275e+01
1.284889718852268281e+01,4.064950964761053775e+00
-6.392746668349933437e+00,3.820640968561441309e+00
3.401745238807261096e+00,1.180211301082921338e+01
1.205156094079483431e+00,8.413000946717540174e+00
-4.318747975754871682e+00,1.181329819997951835e+00
5.937120223096627569e+00,-8.643792020207863303e+00
-1.311984754061893277e+01,-5.490850490710325715e+00
-1.009923724388739430e+01,7.393138151077668141e+00
-2.088866122891321009e+00,-3.854948308658647793e+00
9.875389215256117126e+00,9.498729091221278509e+00
-5.463060038374851324e+00,-1.306321182130849401e+01
5.594390105407972769e+00,-8.982357454934836172e-02
4.042396293394989293e+00,7.901945338654367212e+00
-1.900833668759311479e+00,-5.404260751364033055e+00
4.184573981678923360e+00,1.451152698465269353e+01
-3.141078613313158296e+00,-3.326394193972520341e+00
-5.303782974661688243e+00,1.917169621793550327e+00
-8.443125333235725449e+00,1.185136571015451068e+01
3.722338508049249484e+00,7.922951391798681797e+00
-1.868614894114805303e+00,1.242857553581725583e+01
-5.231202626953979085e+00,-7.305226878372511834e+00
1.948762251823042524e+00,-5.974972415270394244e+00
4.118114575647767950e+00,7.605899099645281325e+00
-5.462583921547108368e+00,-5.440765984426192858e+00
-2.083028396232296409e+00,1.265039022953996017e+01
-5.130474254327537231e+00,-1.173346550675763211e+00
-2.564519553080677916e+00,4.797833459335040018e+00
3.018620752643917715e+00,-5.743497719105946864e+00
-3.185296629884735164e+00,4.356212359583966354e+00
7.302960676655326999e+00,4.618845711476607385e-02
-1.067772159427536005e+00,6.030442426850101789e+00
2.684862382661387770e+00,-4.664171441033071908e+00
2.016546171703543222e-01,-2.004002515626427616e+00
-8.165130179342899197e+00,2.794073184408970345e+00
-1.129712898905741980e+01,5.559046107580982721e+00
9.813878143126741449e+00,-7.364246840672699967e+00
1.016757510572639189e+00,-4.750862012036207283e+00
1.968258605998933763e+00,1.249990793021695445e+01
-4.275538450938381807e+00,8.542964682368837659e-01
-2.467002524339160452e+00,8.444885279340116568e+00
7.230734200363882813e+00,-1.879128828906583726e+00
-8.528222882938065741e-01,-2.167384711986200863e+00
-6.612786224602340113e+00,4.178889978672604144e+00
-3.134740495279761952e+00,-2.320772654976641647e+00
8.235034960776618007e+00,-5.509583922366890540e+00
6.542734112630741450e+00,-5.518211517678353495e+00
1.123315498470182661e+01,-3.272279112495304343e+00
-9.062108983721128830e-01,4.894858673051369458e+00
3.806334485546300161e+00,-1.076132724760141812e+01
-4.826956839052165549e+00,-7.845331480648106925e+00
5.434261778643866947e+00,6.859301351674823799e+00
-8.123361421328466392e+00,-9.527802813233536838e+00
7.780687670955616086e-01,1.202791606024048399e+01
-2.909317295866911124e+00,-1.126599477052120335e+01
2.326686634461261338e+00,-1.719076090071481655e+00
1.093931496343649634e+01,5.479847378192378216e+00
1.138011584451362168e+01,7.203900235743933678e+00
-6.887119232959981296e+00,9.599644037057059265e+00
6.597489003874315472e+00,-4.134522912325768296e+00
-7.306786364636199238e+00,-4.767343170609014358e+00
-9.300704873552605889e+00,1.278828647983221600e+00
-4.059946991856858034e+00,-1.218827998055812323e+01
-1.247309547038078748e+01,-3.795349148345541490e+00
-4.876212172822847357e+00,-1.248389194171105609e+00
9.107426876708647256e+00,-5.391081695440308685e+00
1.056313741008715112e+00,-1.324585727534136304e+01
-3.708369904617495827e+00,3.564218706819925142e+00
-3.735706762935818159e-01,-1.869701275497776871e+00
-1.589255233954945057e+00,-1.018208048643138852e+01
-8.034977418091145296e+00,1.096427718360983228e+01
-8.102249585098845186e-01,-4.704862567162358289e+00
-1.144086297436136945e+01,5.444890543080694201e+00
-3.106367118790668069e+00,1.356902492024474860e+01
8.806788641553335850e+00,-2.089543726256565925e+00
7.684895463952106098e+00,1.905455356639719211e+00
-9.801838925348537401e+00,9.640945035173519528e+00
6.400353762498662835e-01,-5.286785866153670632e+00
-4.960000359160476879e-02,-7.417719373453441456e+00
-3.673106739493830819e+00,-3.017110683352074663e+00
-1.074484606517850871e+01,-5.552839476959566589e+00
-1.184847041787893795e+00,8.354654744956758750e-01
-2.220798872064274398e+00,4.412805425771436418e+00
3.762920024677241848e+00,1.102535664821572681e+01
-3.149713751552972951e+00,-4.084509583139883659e+00
-2.769431125832210405e+00,5.206521162269338809e+00
9.364343206206804382e+00,-2.104359816261411886e+00
4.763139037319897184e+00,-7.561918952058586108e+00
7.669291375698501945e+00,9.348706128076482713e-01
6.985305405115962429e+00,-1.693022389073660872e+00
-1.418693467066158220e+01,2.606313301148786898e+00
-1.595463300652053329e+00,-1.358355910502415664e+00
-4.352699161198473554e+00,-7.940963406136846814e+00
7.310114592589179949e+00,-2.033504764686202115e+00
5.634649003214400764e+00,6.340077488769007452e+00
-1.188521567005178303e+00,5.112077686540093424e+00
8.644889246861284349e+00,-3.925398356293502644e+00
3.444673714641164897e-01,-7.852600544585467190e+00
-8.371721141483329021e+00,4.996332964756136086e+00
-1.807558501330407630e+00,1.328679184370660060e+01
5.429408812482488855e+00,7.086385296726396277e+00
1.308318614631971322e+01,3.644395549459289896e+00
-7.214360683077508440e+00,-2.192806973476165489e+00
-1.504869028453355462e+01,3.455993297520755458e+00
1.074008739047475514e+00,-6.557624738516077301e+00
8.809498781795474187e+00,-4.593329059427198047e+00
1.816488700975941173e+00,-3.176360916157437764e+00
5.833121467980657116e+00,8.348934126049476490e+00
-7.317694613185967256e+00,-4.597113972438500618e+00
-1.035930689037281383e+01,-7.960296963783358493e+00
-2.006347858459976763e+00,-7.652801357261800774e+00
8.828895283700171959e+00,2.777169067240266020e+00
-9.689901241441667423e+00,5.009294289495800356e+00
1.128532446183560900e+01,1.317081919018552094e+00
1.951400454682318708e+00,-1.126754733748712134e+01
6.693851378562920562e-01,-1.055091056004854977e+01
1.249930511437157676e+01,3.967649365283670182e+00
4.999406391686413542e+00,-8.254387152178617626e+00
-7.938549695411762919e+00,-8.265996300176269074e+00
-1.126721826969643381e+01,1.011085845886735335e+00
8.292666937843328867e+00,1.030019672469455649e+01
7.750343142751567882e+00,-1.128425480810395065e+01
-2.132299216478641402e+00,-1.510157795645001855e+01
-8.826847014954154247e+00,2.095325113160267261e+00
1.289257405701588199e+00,3.645933395474184602e-01
-4.046526907130451711e+00,1.293456918286574542e+01
7.190251769330243903e+00,-3.161285160503580105e+00
-8.638415781907248459e+00,7.005578381483629435e+00
-4.654914772830959224e-01,-4.262677622520940068e-01
-1.253748167734880958e+01,-6.470316871224702560e+00
2.001880118762971339e+00,1.155868734649727081e+01
-4.153072894794201275e+00,8.732169532129688605e+00
2.700181834364620226e+00,-9.511172320241666478e-01
4.984201969895461382e+00,1.406331514102735447e+01
-7.678393831902074140e+00,6.228599417226983181e-01
4.036478546730559724e-01,6.733184103761299610e+00
-1.426111336041304867e+01,1.962977907978600056e+00
6.454130333379890061e+00,-5.100073790499453530e+00
-7.295164393946067527e-01,-8.101703101386193984e-01
4.991028226503438248e+00,9.264230290096211462e+00
4.802214893939082963e+00,1.546476988010146325e+00
4.858748839126761254e+00,-3.997588982508088140e+00
-4.849786989235560064e+00,-6.669054888630705946e+00
1.232458158965557438e+01,3.425139253086828539e+00
-3.080876416671906703e+00,-3.869496441719320501e+00
-2.322817163081477787e+00,1.331029790323793627e+01
9.274959350835771943e+00,6.659787121277640054e+00
-1.018369980910225570e+00,6.298405524957368939e+00
6.849117807710954686e+00,-1.050424756117582348e+01
3.444200869584971070e+00,-2.494232766530516621e+00
1.618268560052991689e-01,-8.248771079865102607e+00
5.059517798105499509e-01,-5.704583938418148037e+00
-4.733084553440966680e+00,-4.012813837221422375e+00
-4.741121048644337144e+00,-8.578282941909490589e+00
2.514027266457802057e+00,-7.023655771736075693e+00
5.470498227027129623e+00,1.132490837233066827e+01
5.060411947082630313e-01,1.304370759765928156e+01
-2.415316234338286794e+00,8.443564202652673600e+00
-1.168849575743103308e+01,8.848115995111180965e+00
1.074102362476686423e+01,-5.027925496786694204e+00
-7.087067903732723551e+00,-6.890043115570084531e+00
-8.911598293139769922e+00,-5.078941717428629987e-01
-7.768495058773144279e+00,-4.945979965728573013e+00
-8.021481772579003078e+00,3.528339350895593363e+00
8.628088638168973645e+00,-5.983959901898301403e-01
2.583742979916530569e+00,-1.300411853264123785e+01
2.232714035809855169e+00,-9.290164406091852456e+00
2.643139752837850409e+00,-7.071678483107949553e+00
-7.175299372445948620e+00,-9.749225801631784094e+00
6.300781489180038442e+00,7.190822006741468542e+00
8.213042825607962172e+00,-7.274827777230608028e+00
-1.772979282759797437e+00,3.339922057739868499e+00
-9.719474074083924720e+00,-6.009040358625354017e+00
-2.463133605166974327e+00,8.214437778221295616e+00
-5.431756877680641971e+00,-9.958435351690997805e+00
4.253166158788739715e+00,4.917274107374816516e+00
9.901165422200758570e+00,1.063964604592481544e+00
4.092449577446489073e+00,-1.095897735350670743e+01
-8.102179747579135949e+00,-9.681691016993989152e+00
1.407440345931591175e+01,-2.641719512592314079e+00
-1.601244564754220334e-01,3.221944475624227255e+00
-9.605403673439342427e+00,9.830536414868987549e+00
-1.580378596619502973e+00,-1.189996716807474542e+01
-2.032110415774630585e+00,-8.111819231704579636e+00
-5.449743024096841637e+00,8.968327776603725709e+00
-1.038448071733026801e+01,3.877120436098529410e+00
-2.690873465075415805e+00,-5.940320222050126553e+00
1.159204338208988716e+01,-1.820080206482049379e+00
4.102334070450802450e+00,-2.433499862207489262e+00
-8.875799435150075745e-01,6.441074993388405723e+00
-9.956009156537705351e+00,5.781327298877175780e-01
3.006188450683553892e+00,1.297658984997814358e+01
3.893051968683041597e+00,-6.862347843599091668e+00
-5.908759377667071044e-01,1.382093465184005865e+01
-8.945275085171222607e-01,4.251505535601527441e+00
5.335883888690058363e+00,-2.642909341855809391e+00
-8.869330058373984471e+00,-1.134224190295243773e+01
-2.363087175323712597e-01,-7.401936178454453952e+00
7.814865743555228228e+00,3.739856172029631942e+00
1.006865361239704804e+01,7.858546554170849241e+00
5.162820360174277035e+00,-1.088718250181191216e+01
6.209887444132103695e+00,-9.689751101290051238e+00
-3.651177236847814811e+00,-2.416370769715334266e+00
1.186771046747910496e+01,-8.318267751304260216e+00
-2.592833399570778408e+00,7.152499214232297398e+00
-5.937868246473358091e+00,7.509885809288156189e+00
-4.433302152222219128e+00,-6.272093886575930810e+00
-5.364197345096354042e+00,9.011048160021939424e+00
-1.014239214120065213e+01,9.513729398823107530e+00
-7.443740856990824994e+00,-7.025349238539509322e+00
-9.513832809161353765e+00,1.090118218700906472e-01
-6.976129284739180036e+00,-1.151608050220491819e+01
-7.759991985849199025e+00,-9.874735416885206618e+00
-3.750554429351562469e+00,-3.015675306932255939e+00
9.546737606590784964e+00,-9.801037377043696708e+00
2.350307698111861132e+00,-5.330944227511425382e+00
8.354542710496488667e+00,5.250897292543225348e+00
-1.678220795826154355e+00,-1.047212003739528896e+01
-1.092276436369339265e+01,6.745876458754760385e-01
-1.005756366113575417e+01,6.863608621906084117e+00
2.192972591965335116e+00,8.418851516467420026e+00
7.366804731114488192e+00,-1.228611775744731638e+01
-7.181904825787743363e+00,6.202336442171377584e+00
2.634729315166693731e+00,-1.328714637620636374e+01
-8.008106219772235690e+00,-8.555479002595442140e+00
1.986980089792294457e+00,-1.102203037313089240e+01
2.660523415500428701e+00,-1.220443988141932756e+01
-8.642907282591306029e+00,9.695442987558596570e+00
-1.091345489152586978e+01,-2.314482611441088356e+00
-1.927307969506153684e+00,-1.045764310866855418e+01
1.598791988905492545e+01,1.492399062257658038e+01
-5.326107060321804809e+00,-5.426513543846336773e+00
-3.042712028244163758e+00,9.017821704929174231e+00
-2.934445018730025279e+00,1.070666882554783506e+01
3.736862415001554361e+00,-9.950893062335211425e+00
8.765609591598650496e+00,-6.064836520407271614e+00
-7.523376714459377723e+00,-1.074388394001760005e+01
-4.731268394107090436e-01,-1.045220925796737887e+01
-4.319529952506734993e+00,1.106621431400667532e+01
-3.306332134293552105e+00,-6.866098084653634359e+00
7.239702665328443310e+00,-9.063795586286422790e+00
-9.281442272783975156e+00,5.773108706871806106e+00
-2.911062963897122380e+00,-1.065867290437723014e+01
-6.824209582991569434e+00,-1.409211403570590093e+01
6.825779851716866631e+00,-1.058065583888462058e+01
-6.630042379116211748e+00,1.043210945305161452e+00
1.358101276236497235e+01,-3.839863601199063892e-01
-5.759015957663052632e+00,-7.268327805720526946e+00
8.590641482191392342e+00,-1.074696554105077517e+01
6.939919391002064231e+00,1.370761488278386508e+01
9.896960439505088303e+00,5.092760210023924650e+00
-5.785226383113987403e+00,4.389783312620307854e+00
3.504452699539083227e+00,-8.542792861792536385e+00
1.275032349817664645e+01,5.598792218331711368e+00
-1.842384282674348173e+00,2.783082370846249098e+00
-6.083611136013015397e+00,-7.498621731067585117e+00
6.069242824122234731e-02,-1.102130547598633825e+01
-4.003218677485758548e+00,-1.723220763079047702e+00
-1.510976399721638996e+00,-1.192604397565516905e+01
1.073269903579437923e+01,4.286539522490295795e+00
7.456489013795450482e+00,-1.231096756143881876e+01
1.170095629689097727e+01,-1.445201176369345086e+00
3.694032408159837466e+00,-1.017700102415950525e+01
3.196501468100455767e+00,-7.600171990606058081e+00
-1.121698034084836770e+01,9.664462122609970285e-01
-7.241586003430157348e+00,-9.887044840371855159e+00
6.297753335658328844e+00,-7.649987967066925520e+00
7.249100723346242781e+00,9.344676036957784149e+00
-1.555923363998203079e+00,3.407073857907273240e+00
-5.860332917478487946e-01,-4.613123490495070200e+00
-1.876711971560946379e+00,-8.490089267792612304e+00
-1.164720922569866879e+01,5.232101760907879928e+00
-5.189292125413305534e+00,3.791363714517965278e+00
-3.813112894963015531e+00,1.124069411237926808e+01
3.754091617289382565e+00,4.992837898903143667e+00
1.213676048631524118e+01,1.796494081019675892e+00
-7.162642245074954950e+00,1.111391351588849119e+01
1.764821446318226128e+00,4.010508552338335697e+00
-4.380658327154798748e+00,-1.401827576043865342e+01
1.978981782946354961e+00,5.703712363956069176e+00
8.365882778323031843e+00,-1.995363707386070606e+00
1.190005040531142555e+01,3.631720709923706991e+00
-1.291996837643043960e+01,5.563688180219100055e+00
-1.279172071934813637e+01,-2.776562786208198297e+00
-4.947099895456761764e+00,-7.962642467717504502e+00
5.264936867492758132e+00,-2.304237017605734739e+00
-1.044584709882522056e+01,-8.034351525851157305e+00
1.195306827482961687e+00,1.182751926292053923e+01
6.418501845114585436e+00,3.665185267097699207e+00
6.553452951984727548e+00,-5.418003892960459034e+00
-4.963117601160031978e-01,-2.532713321309369991e+00
-2.827087128328742871e+00,6.153630815819748356e-01
-3.116337159145098568e+00,-8.852363411562671480e-01
-1.133417583070482593e+01,5.368048831929677966e+00
-7.425846515607346099e+00,-1.232213456682485386e+01
-7.311870891006623907e+00,3.777460550899381264e+00
-2.966049290650621395e-01,-9.546886445459946913e+00
6.344771886830182339e+00,1.112831913018409224e+01
-4.185692534167031909e+00,-1.395492786050777489e+01
8.773097013850980730e+00,-9.026134488602602701e+00
8.274989214190904718e+00,5.125918239348425942e+00
1.082162122080641709e+01,-6.337787991033152046e+00
4.329907107734178418e+00,-6.941674831893628550e+00
4.203595915687834861e+00,1.448977561719340734e+01
-8.927781141058156678e+00,-7.740246173904486993e-01
-7.820636502349523234e+00,6.850772329754738488e-01
-5.986798445170100180e+00,2.456181194551912750e+00
-1.200315539757568040e+01,-5.575201162139753031e+00
4.931800525983196515e+00,-1.061349156486998346e+01
-3.422486032936542077e+00,1.180773214226088363e+01
-1.120791617666356821e+01,-5.033433189274458819e-01
-3.287949691052195256e+00,-9.201311139676641160e-01
1.112324158646691430e+01,-9.487741458424109098e+00
8.994032633784128095e+00,2.824584189282878466e+00
-1.231373809690058785e+01,6.942488944797803541e+00
-6.066969374085513511e-01,1.129996903044688672e+01
8.550060835666508652e+00,9.224064075616894343e+00
3.730957463741733982e+00,-1.375820967090602664e+01
6.272956312957274960e+00,4.968202225680429684e+00
5.734898802876202684e-01,-1.549668092537280495e-01
1.263385094328888414e+01,7.836308189141294456e+00
-9.987773374876285359e+00,-6.144952350099658567e+00
-5.417719284762342546e+00,8.614383192216110707e-01
1.010335740760453582e+01,6.602271054386188887e+00
-4.494743242047947618e+00,6.396265123756013082e+00
3.848023706167251312e+00,5.127966098700549757e+00
-1.283008179563007012e+01,-2.570262040471513298e+00
4.851732422619940976e+00,-8.022247616689989869e+00
1.095573953649027743e+01,1.658027896860824635e+00
5.669957236829531233e+00,1.179361145577225933e+01
-1.786139870107241290e+00,9.587133309051306895e+00
-1.033094208491457699e+01,2.097236195035607320e+00
1.014215425027003725e+01,-5.700946600975728806e+00
6.335599103479395922e+00,3.580472336805084144e+00
1.325500602652820170e+01,-3.611128468903726407e+00
-3.721619669823174714e+00,-4.919536628434024728e+00
-4.762250708810237931e+00,2.361493895863331804e+00
7.509561766085187884e+00,8.594405432719511850e+00
-7.489877521877763122e+00,-1.237829160045503585e+01
1.317585066335422272e+00,-8.652203187524001748e+00
-6.241946768866527329e+00,5.322442225069688782e+00
-3.530510263995678688e+00,-8.530071033119472901e+00
9.752866807384858561e+00,7.672199326543853282e+00
5.444813787416832973e+00,-4.499007434583963239e+00
1.978271522965166396e+00,9.792582785357636155e+00
1.067850600257225580e+01,-6.280335605135632271e+00
-5.360390507405828231e+00,9.262660081035486437e-01
-1.256985995819550084e+01,-6.809119755192722501e+00
-3.046438106330106255e+00,-6.656419154344718869e+00
-8.994224934998477750e+00,-8.556325940030506949e-01
-4.777999383499274444e+00,-3.510497619140726222e+00
-2.716496724100243121e+00,-1.205211627162548815e+01
5.588055083108780074e+00,8.930384598982936240e+00
-5.655986753145648693e-01,8.553887120539696909e+00
-4.182372982433117059e+00,4.717109664612717523e+00
-1.128483531043601662e+00,4.041547028199397040e-01
8.559163061594748712e+00,-5.842963409642699668e-01
4.089142819830247078e+00,6.342303117666549639e+00
-3.246125251407314227e+00,1.298207597309707495e+01
-2.808277861853439861e-01,4.522716229140521627e+00
-8.913759526718285642e+00,-3.257441173644775922e+00
7.633699666050485888e+00,1.657438908547922418e+00
-5.695237473555496699e+00,-1.076483898967299169e+01
-7.610445762787610313e+00,7.882663905365713042e+00
6.209793444799089457e+00,-1.223073210289729928e+01
6.317312622618991291e-01,-5.673860191351979054e+00
4.169063410365761335e+00,1.446368931216413145e+01
1.006579675377602712e+01,-2.896228159218511067e+00
3.300476459914711835e+00,6.219981500949553599e+00
-8.815047203501070072e+00,-2.192484162625737198e+00
2.638289333624981858e-01,-1.872963759283842844e+00
2.117565266295306614e+00,5.347484974454010498e+00
-1.401273733005491096e+01,3.151201838893251228e+00
-5.606943858089611155e+00,-7.289237494788373795e+00
-1.109735534436551951e+01,-1.579335433714094794e+00
-5.224641168996439156e+00,-5.454407166404736884e+00
5.778702141619121768e+00,5.797417679278502156e+00
-9.851850248179229164e-01,-6.895827382273918005e+00
-7.116667607300172449e+00,4.275575224225169002e+00
6.074032580568482942e+00,-7.157672829891565058e+00
1.426101083897939770e+00,1.246169381602426363e+01
9.036137517537806474e+00,-5.066195803195129521e+00
-6.934029123360141433e-01,1.141890084839848463e+01
1.599726741307268663e+00,6.878755513794049037e+00
6.152713477644137896e+00,5.103790450064912498e+00
-1.011093065838375082e+01,-5.913946839315544324e+00
-6.402509022951846873e+00,-9.428233575238199604e-01
3.202627863356244386e+00,1.003595201006196724e+01
-2.943712663085523928e+00,1.115392334440648092e+01
-3.606637727368511737e+00,-1.305253629796524173e+01
-6.983008392426397926e+00,1.128033615715733440e+01
3.265815088808395661e+00,-5.516316304454267794e+00
3.803566847763745429e+00,1.106747148597855279e+01
-1.708879074906110906e+00,-1.703704835721503663e+00
-1.428231358230962700e+00,7.280110135642243741e+00
-1.119726179654291087e+01,3.525658164896622981e+00
7.551584380654433382e+00,-2.639389192552724417e+00
5.005150689510752038e+00,-1.370231378006237044e+01
1.257207324439808716e+01,-3.728370064161021236e-01
-2.948504511649147730e+00,1.419536738640546636e+00
-8.900156196366673100e+00,3.807735586112814818e+00
-3.693054277016729614e+00,-5.950063326485363291e+00
1.021639989175805496e+01,-8.343411121796004082e+00
9.191490231689412482e+00,8.188225932699989329e+00
6.403224757099464926e-01,9.362693204359699095e+00
1.274909215739060997e+01,1.025548273127303744e+01
-3.828074501750625913e+00,6.115921017329708498e+00
1.971623481168391923e+00,4.663343719268253196e+00
-7.713048680800909551e+00,-6.799326160746205439e+00
-9.232072400146257962e+00,-2.612353012955116044e-02
-1.320528988479179988e+00,-2.883038075656619181e+00
-1.432013303447031038e+00,-1.484078992603193647e+01
5.585023760603968768e-01,1.301224705765037726e+01
-6.122933046402192936e+00,-3.896776602290376257e+00
1.315108168158819169e+01,-3.855282891595383177e+00
3.446498252187408351e+00,6.813084873547873066e+00
1.336600606487680531e+00,1.394807873723274660e+01
-8.834663542194510555e+00,3.818599036327563923e+00
1.109046398123366295e+01,-2.518350051799149725e-01
1.160829538716943077e+01,-3.703387485382547251e+00
3.076063616199916417e+00,-6.465315620802584817e+00
-1.074246398504720013e+01,-8.676833235018670543e-01
9.814417755099693608e+00,5.925781627169301125e+00
1.280904134237737679e+01,1.026044520812329353e+01
-1.128003665352422047e+01,1.135872715391343668e+01
-8.385797704212663461e+00,1.199490270997896069e+01
4.422072165910336139e+00,3.269239599809900199e+00
6.017057418902672872e+00,5.971712086359199922e+00
-7.591790936701351633e+00,8.048378258138431107e+00
1.253503501671332643e+01,-2.616166909370367666e+00
-4.067267853167262359e+00,8.641367957827181812e+00
8.481650700375586993e+00,-1.150413906042524559e+01
1.064254484162437286e+00,8.769561565977966211e+00
-2.991252915243940436e+00,9.015198589341535396e+00
-4.219180563292010966e+00,-4.777540074930355374e+00
-2.872897271940046515e+00,-9.004459166280707194e-01
-3.842773069554732857e+00,1.026468504281111649e+01
4.344789287853743964e+00,-2.788095646273692552e+00
-1.030781528500302002e+01,-4.444860116276145412e+00
7.503137565547327803e+00,8.587621214627779054e+00
-1.330080543712941576e+01,-6.715921708587975214e-01
5.543478123081082565e+00,2.329209267707566422e+00
1.816022120366439063e+00,9.756296794792856275e+00
1.188807543073374262e+01,1.794662257026948593e+00
-2.435018521398673474e+00,1.092012539971962681e+01
5.702903107918591452e+00,-1.451191614745530378e+00
5.459259070269678382e+00,5.850477830696140913e+00
-1.040481470459385172e+01,-8.104811445260883929e+00
4.928471112542520238e+00,6.801846433675775572e+00
-5.246359368211729546e+00,-1.391717542561873522e+01
1.330374469925935088e+01,3.071535060314212640e+00
8.973472222299411882e+00,8.252349926065145169e+00
1.790771089907575497e+00,4.636248327050151552e+00
1.050546218144314992e+01,8.084711034314135958e+00
2.482780316615247784e+00,1.016707758233918035e+01
5.760918609904313037e+00,-1.518792349386401286e+00
-5.606650854040706733e+00,-2.314289705865852920e+00
8.958323331698592185e+00,2.803090384579192129e+00
-1.869002522326536520e+00,1.038012515307480399e+01
1.269307221079249715e+01,7.840449872240827567e+00
-9.704477367326033388e+00,5.056159350526172602e+00
4.195039535961092025e-01,-6.759487182792606186e-01
5.067407467160914614e+00,-5.463295538408583951e+00
8.396201086955816351e+00,1.057056316715267030e+01
4.632653683192493155e+00,-2.226878412379100336e+00
-2.023106569372664865e+00,-1.506563188283018384e+01
-2.816653168609283941e+00,6.104029797159711279e-01
-6.329549414262290341e+00,-5.263899586790211416e+00
3.402623755360422719e-01,6.224973405808357008e+00
-8.982732325498865578e+00,-3.036192913479021094e+00
-8.475514045031770749e+00,1.021874182728383262e+00
4.563346679207092027e-01,5.944593955012317466e+00
-1.080223402249746556e+01,5.700066597536299184e+00
3.252151475365675726e+00,-3.323005509296097948e+00
1.366042882849850315e+00,2.518591550506407373e+00
7.796481993137831523e-01,2.577211468090910174e+00
-2.613360117531396964e-01,-3.428496609225424319e+00
3.340901545233218695e+00,-4.241476759807629726e+00
2.367332319613107305e+00,-1.326062322017405926e+00
-5.524474815157353724e+00,-7.238906744334609122e+00
-5.539193215043640706e+00,-5.949369502613338412e+00
4.449410676717204360e+00,7.486577804448525386e-01
-1.327173752784339378e+01,1.171773449451047888e+00
9.133311370002186180e-01,4.537033741945766252e+00
-2.682569117388780899e+00,-3.762190695538117247e+00
-2.008537674181060328e+00,-3.608611066391200772e+00
-6.401898555792153722e+00,-3.223749709192219814e+00
-6.166929463013826940e+00,-7.127566274047640427e+00
-1.027437197732348473e+01,2.132948634049515402e+00
1.156926589893568647e+01,-1.455640536151873832e+00
1.370965488979968505e+01,3.137021447723178369e+00
9.102528978260155057e+00,1.114410311190549940e+01
-1.130428614471960103e+01,3.427249986347671307e+00
1.205919442811507203e+01,6.714468329062335261e-01
3.910084660267059142e-01,-8.454924941668201521e-01
-1.156414975168010351e+01,1.043711359621291024e+00
2.676391775047939792e+00,1.000259659250883892e+00
4.230897313194474485e+00,8.416438859951258067e+00
-4.480700732170537215e+00,4.272377546526411329e+00
5.072367380834006845e+00,-3.839429635216796033e+00
-4.642071936221688233e+00,-4.659387072171472077e+00
-3.380388712472571555e+00,7.206282603023673516e+00
2.424512539133867328e+00,-1.146782239525547364e+00
8.819972184678954719e+00,-5.990518802431385126e+00
9.889779804539642782e+00,-8.236512220081310787e+00
-1.862334316863764272e+00,-5.492977866655566643e+00
6.430976224210707137e+00,-1.354838849859203265e+01
-4.818328466440801705e+00,-3.409340983935310376e+00
6.098602056136396499e+00,-6.953236086823528339e+00
-1.082646777226909718e+00,6.156392532123836636e-01
-3.022632811364957650e+00,5.347661518057437391e+00
-1.335328530037057959e+01,-2.202107406364465225e-01
-7.975490329666613754e+00,4.924012333036894340e+00
-9.197440216170612581e-01,1.004868235423292866e+01
6.292242218573120827e-01,-1.484209020872620499e+01
3.073563733149693444e+00,-1.196907202249562729e+01
-4.702210598598473013e+00,2.221037535232049720e+00
7.876210507276451445e+00,-6.988659096366945711e+00
5.928205315765543659e+00,7.432048852965740693e+00
1.656916830455207545e+00,-6.560859592369401305e+00
-1.150113944543041988e+01,9.359658784765271244e-01
-1.153265265241198279e+01,5.336373075651160924e+00
8.412924550998777562e+00,-3.706396306466986701e+00
7.963591602248719425e+00,6.632800774068106975e+00
2.703903309326447957e+00,5.941064352952477812e+00
4.458542977005590657e+00,1.718344847894152094e+00
-1.115867293762928547e+01,1.444731916621646572e+00
4.205729969302411497e+00,-2.911878368971372311e+00
2.738837154635175963e+00,3.330354618156889046e+00
2.215629432146358102e+00,2.988616647704334550e+00
4.536161044736153336e+00,1.658260207486094151e+00
-3.192975059824462725e-01,4.744493700701793770e+00
-2.369652866891195087e-01,1.094708163266040657e+01
4.792753361082540686e-01,-1.195675414336915265e+00
2.682502632229151196e-01,2.175439893178864992e+00
-1.107641314637932695e+01,-1.601008403082735843e+00
-1.799504107755501625e+00,-2.865459974693299827e+00
2.224451082583087658e+00,2.961292005944232919e+00
4.994065391765864170e+00,9.155656221243219761e+00
6.543752914287615852e+00,-3.486997716764194788e+00
3.102759658506907048e+00,-6.032825010835116686e+00
8.510815693465499265e+00,8.333506780414989379e+00
-8.948057034392051801e-01,9.680671484063751109e+00
-5.221443664570322163e+00,-6.924246511127543080e+00
-6.841810784087376973e+00,-5.364463032625449657e+00
5.129265490333734689e+00,3.612326081198654837e+00
7.628226948075305103e+00,-5.821437677817019818e+00
7.466930262148306241e+00,-2.085286185852354812e+00
-9.883723895061148568e+00,-4.421209864675243573e+00
5.129618288675596993e+00,1.324751590255423883e+00
4.552009574195602148e+00,1.068355989739664613e+00
5.489001991147748782e+00,1.382763891471330098e+01
2.833826834378340376e+00,5.132160623687901158e+00
5.277345650534104315e+00,-4.144481038602027212e+00
1.081835309131241196e+01,-8.093213774607396216e-01
-9.191299474082851972e+00,3.213826109306502143e+00
9.866371894006125132e+00,-5.602934341980404298e+00
6.125224132745146655e+00,-9.616122515897307821e+00
1.005132558616338834e+01,-1.834995945251780336e+00
-6.961311067842374634e+00,5.018675396900069280e-02
1.139308216796224515e+00,-7.787345500506481777e+00
-5.473168469923781476e-01,1.505802139047524690e+01
2.662033021866948346e+00,1.225138785228808036e+00
3.343067168494534780e+00,-2.023534338786291409e-01
1.297225111900800343e+01,-3.776633876814476487e+00
-1.501287544176149247e+01,3.373868839966565059e+00
8.437152066952885221e+00,-9.675058601717815066e+00
4.769677885595878131e+00,-7.990471928503290577e+00
-2.297190652628756879e+00,-1.308823472443578062e+01
-5.872305263946349108e+00,-9.672357423939871301e-01
-2.529189238601122991e+00,-6.374576969311108066e+00
1.062959766582087617e+01,7.486292734075501443e+00
3.418614492484288725e+00,-5.807754971330712834e+00
-5.000822248438421269e-01,7.261957838977256330e+00
-2.688359107416816940e+00,7.060124538810973460e-01
-9.971687096115726234e+00,-4.492685711951967420e+00
-6.086078118723718955e-01,5.900323072392624768e-01
2.914896026525378936e+00,-1.270882648124890402e+01
-4.320397875722862935e+00,-7.861709037231141117e+00
1.049771095325432890e+00,1.232343805449592189e+01
-3.176788360785783638e+00,1.024418302302931671e+01
-9.312763455911143851e-01,-5.204681462572730233e+00
-1.763600418741269715e+00,-8.551901998555871742e+00
-9.896868086996621017e+00,3.982486237819685027e+00
9.846020799161559367e+00,-3.331263113272059595e+00
7.136016864188338360e+00,-1.573120454600272500e-01
2.960955608623383029e+00,-5.055843209261738913e+00
3.364643078523281705e+00,-2.436499782138327852e+00
5.940675559689975849e+00,1.307107729781718142e+01
-3.473192774758067980e+00,7.197937594974177955e+00
-1.764204811303821785e+00,-4.065463023610671023e+00
-6.629144077572012073e+00,1.091223890135798014e+00
-1.651249095675675571e+00,-7.508275942394532443e+00
8.319604048022275933e+00,5.206830410919016217e+00
-2.825157937430684107e+00,-1.346149962330923522e+01
-5.743330590385612444e-01,-9.654376704289298061e-01
-9.847700415313076050e+00,7.084867054842534984e+00
-1.194431734669469947e+01,3.326215052646783299e+00
6.056898222476739813e-01,-5.864418656198295388e+00
2.761667277074852378e-01,-2.489709398913717009e-01
-1.363237628869032436e+00,1.049953490347329677e+01
-3.438278522680283000e+00,1.143050945586388600e+01
-1.232329485159294791e+01,3.231103255315254330e+00
3.054046525942418988e+00,4.055292629874783117e+00
-3.708014685196853732e-01,9.713413008883664546e+00
-9.984680670747446030e+00,8.130161661865203726e+00
1.236022820509323106e+00,3.045130900430942589e+00
3.443980913297192803e+00,4.013897412800783160e-01
1.366575082822489406e+00,2.263693210519615473e+00
1.856122149576287628e+00,9.962065865239699836e-01
9.968431521204404788e+00,-1.720068055941134322e+00
-9.220439472711463580e+00,5.066467401301443019e+00
4.054243606146445522e+00,-1.430520695301133793e+00
-3.282292381020261440e-01,-2.370693647996548581e+00
-4.714660607990492913e+00,2.282163211235092248e+00
2.319105584153406507e+00,1.241696796694558280e+01
1.357306961094390418e+00,1.167482399816512206e+01
1.021816207369768925e+01,2.209097641758920538e+00
-1.009950991985158275e+01,-4.453496994078091298e+00
-9.137596897827343412e+00,-3.311259804597340484e+00
9.691662597344057772e+00,5.081726962074535336e+00
2.153010237887052369e+00,5.755808920538495466e-01
4.041269252211055374e+00,-3.621835964873731051e+00
1.195656224167150583e+01,-4.341369517531312727e-01
2.937173673284180442e+00,5.007370679664670199e+00
-7.527864115290691771e+00,3.708786637010752951e+00
5.551242662155974728e+00,-4.247251070842596121e+00
5.742402647843548813e+00,1.113635848219690594e+01
2.698503070205884313e+00,2.016854000602727570e+00
3.565173769431191797e+00,1.777643084650916361e+00
-3.403587280762036205e+00,1.214621110803693682e+01
4.375845098544609790e+00,1.434425018231668680e-01
1.615562236752144942e+00,3.544305334457496848e+00
-1.673692897294762338e-01,2.715009595101085083e+00
2.543148713519122417e+00,3.652114860123183426e+00
1.539879763930968481e+00,1.167783530751668231e+01
3.327750493134977283e+00,6.753675922597377479e-01
4.488352447455961070e+00,1.008100336155883375e-01
-2.797607657379501234e+00,4.542270048812047656e-01
4.698095351786464313e+00,6.188045740061052236e+00
1.701255417213078491e+00,1.668500753267158521e+00
5.903017279712647891e+00,6.785239870327735900e+00
1.307739728874885898e+01,-1.101705659415369798e+00
-1.359951901916098294e+01,2.961685561453513138e+00
-3.628142036787982416e+00,1.135990519672624544e+01
5.076631117660724613e+00,1.303639362285480718e+00
4.507462763204197920e+00,1.854870645788587180e-01
-1.099787859787214117e+01,-6.045421102230753796e+00
-1.044315410301572733e+01,-7.983557689023919934e+00
5.047923931080441129e+00,6.686978224994031272e+00
-1.021968778125023292e+00,-2.538720329138152820e+00
8.954456541083137822e+00,-2.996940808574750648e+00
1.695699580853726074e+00,1.103731751832047969e+00
-2.741981739043481081e+00,-3.919600682808651815e+00
1.420580108537451025e+01,-3.511186738600462043e+00
3.878527580045231460e+00,7.952240670597251260e+00
-4.532859837275090342e+00,-4.568751098309044245e+00
1.752984108697580368e+00,9.827340090579777865e+00
-3.462718259008410460e+00,-5.002458180854397973e+00
7.266497125115646050e+00,-1.735613706571924666e-02